2025-08-01T00:08:57.398+03:00  WARN 19631 --- [HikariPool-1 housekeeper] com.zaxxer.hikari.pool.HikariPool        : HikariPool-1 - Thread starvation or clock leap detected (housekeeper delta=1h8m56s478ms).
2025-08-01T01:26:22.589+03:00  WARN 19631 --- [HikariPool-1 housekeeper] com.zaxxer.hikari.pool.HikariPool        : HikariPool-1 - Thread starvation or clock leap detected (housekeeper delta=1h17m25s190ms).
2025-08-01T02:51:33.347+03:00  WARN 19631 --- [HikariPool-1 housekeeper] com.zaxxer.hikari.pool.HikariPool        : HikariPool-1 - Thread starvation or clock leap detected (housekeeper delta=1h25m10s758ms).
2025-08-01T04:16:59.355+03:00  WARN 19631 --- [HikariPool-1 housekeeper] com.zaxxer.hikari.pool.HikariPool        : HikariPool-1 - Thread starvation or clock leap detected (housekeeper delta=1h25m26s8ms).
2025-08-01T05:04:31.241+03:00  WARN 19631 --- [HikariPool-1 housekeeper] com.zaxxer.hikari.pool.HikariPool        : HikariPool-1 - Thread starvation or clock leap detected (housekeeper delta=47m31s885ms).
2025-08-01T06:11:20.351+03:00  WARN 19631 --- [HikariPool-1 housekeeper] com.zaxxer.hikari.pool.HikariPool        : HikariPool-1 - Thread starvation or clock leap detected (housekeeper delta=1h6m49s111ms).
2025-08-01T07:04:02.447+03:00  WARN 19631 --- [HikariPool-1 housekeeper] com.zaxxer.hikari.pool.HikariPool        : HikariPool-1 - Thread starvation or clock leap detected (housekeeper delta=52m42s96ms).
2025-08-01T07:11:46.713+03:00  WARN 19631 --- [HikariPool-1 housekeeper] com.zaxxer.hikari.pool.HikariPool        : HikariPool-1 - Thread starvation or clock leap detected (housekeeper delta=6m14s232ms).
2025-08-01T07:27:24.013+03:00  WARN 19631 --- [HikariPool-1 housekeeper] com.zaxxer.hikari.pool.HikariPool        : HikariPool-1 - Thread starvation or clock leap detected (housekeeper delta=15m37s300ms).
2025-08-01T08:09:39.591+03:00  WARN 19631 --- [HikariPool-1 housekeeper] com.zaxxer.hikari.pool.HikariPool        : HikariPool-1 - Thread starvation or clock leap detected (housekeeper delta=42m15s578ms).
2025-08-01T08:40:07.401+03:00  WARN 19631 --- [HikariPool-1 housekeeper] com.zaxxer.hikari.pool.HikariPool        : HikariPool-1 - Thread starvation or clock leap detected (housekeeper delta=30m27s809ms).
2025-08-01T09:00:14.455+03:00  WARN 19631 --- [HikariPool-1 housekeeper] com.zaxxer.hikari.pool.HikariPool        : HikariPool-1 - Thread starvation or clock leap detected (housekeeper delta=20m7s53ms).
2025-08-01T09:06:01.034+03:00  WARN 19631 --- [http-nio-8080-exec-1] com.zaxxer.hikari.pool.PoolBase          : HikariPool-1 - Failed to validate connection com.mysql.cj.jdbc.ConnectionImpl@4f69a563 (No operations allowed after connection closed.). Possibly consider using a shorter maxLifetime value.
2025-08-01T09:06:01.034+03:00  WARN 19631 --- [http-nio-8080-exec-6] com.zaxxer.hikari.pool.PoolBase          : HikariPool-1 - Failed to validate connection com.mysql.cj.jdbc.ConnectionImpl@33e8c0d3 (No operations allowed after connection closed.). Possibly consider using a shorter maxLifetime value.
2025-08-01T09:06:01.184+03:00  WARN 19631 --- [http-nio-8080-exec-1] o.h.engine.jdbc.spi.SqlExceptionHelper   : SQL Error: 0, SQLState: 08003
2025-08-01T09:06:01.185+03:00 ERROR 19631 --- [http-nio-8080-exec-1] o.h.engine.jdbc.spi.SqlExceptionHelper   : HikariPool-1 - Connection is not available, request timed out after 155802ms.
2025-08-01T09:06:01.185+03:00 ERROR 19631 --- [http-nio-8080-exec-1] o.h.engine.jdbc.spi.SqlExceptionHelper   : No operations allowed after connection closed.
2025-08-01T09:06:01.212+03:00  WARN 19631 --- [http-nio-8080-exec-6] o.h.engine.jdbc.spi.SqlExceptionHelper   : SQL Error: 0, SQLState: 08003
2025-08-01T09:06:01.212+03:00 ERROR 19631 --- [http-nio-8080-exec-6] o.h.engine.jdbc.spi.SqlExceptionHelper   : HikariPool-1 - Connection is not available, request timed out after 155802ms.
2025-08-01T09:06:01.212+03:00 ERROR 19631 --- [http-nio-8080-exec-6] o.h.engine.jdbc.spi.SqlExceptionHelper   : No operations allowed after connection closed.
2025-08-01T09:06:01.348+03:00 ERROR 19631 --- [http-nio-8080-exec-6] c.b.s.security.jwt.AuthTokenFilter       : Cannot set user authentication: {}

org.springframework.dao.DataAccessResourceFailureException: Unable to acquire JDBC Connection [HikariPool-1 - Connection is not available, request timed out after 155802ms.] [n/a]
	at org.springframework.orm.jpa.vendor.HibernateJpaDialect.convertHibernateAccessException(HibernateJpaDialect.java:253) ~[spring-orm-6.0.9.jar:6.0.9]
	at org.springframework.orm.jpa.vendor.HibernateJpaDialect.translateExceptionIfPossible(HibernateJpaDialect.java:229) ~[spring-orm-6.0.9.jar:6.0.9]
	at org.springframework.orm.jpa.AbstractEntityManagerFactoryBean.translateExceptionIfPossible(AbstractEntityManagerFactoryBean.java:550) ~[spring-orm-6.0.9.jar:6.0.9]
	at org.springframework.dao.support.ChainedPersistenceExceptionTranslator.translateExceptionIfPossible(ChainedPersistenceExceptionTranslator.java:61) ~[spring-tx-6.0.9.jar:6.0.9]
	at org.springframework.dao.support.DataAccessUtils.translateIfNecessary(DataAccessUtils.java:242) ~[spring-tx-6.0.9.jar:6.0.9]
	at org.springframework.dao.support.PersistenceExceptionTranslationInterceptor.invoke(PersistenceExceptionTranslationInterceptor.java:152) ~[spring-tx-6.0.9.jar:6.0.9]
	at org.springframework.aop.framework.ReflectiveMethodInvocation.proceed(ReflectiveMethodInvocation.java:184) ~[spring-aop-6.0.9.jar:6.0.9]
	at org.springframework.data.jpa.repository.support.CrudMethodMetadataPostProcessor$CrudMethodMetadataPopulatingMethodInterceptor.invoke(CrudMethodMetadataPostProcessor.java:134) ~[spring-data-jpa-3.1.0.jar:3.1.0]
	at org.springframework.aop.framework.ReflectiveMethodInvocation.proceed(ReflectiveMethodInvocation.java:184) ~[spring-aop-6.0.9.jar:6.0.9]
	at org.springframework.aop.interceptor.ExposeInvocationInterceptor.invoke(ExposeInvocationInterceptor.java:97) ~[spring-aop-6.0.9.jar:6.0.9]
	at org.springframework.aop.framework.ReflectiveMethodInvocation.proceed(ReflectiveMethodInvocation.java:184) ~[spring-aop-6.0.9.jar:6.0.9]
	at org.springframework.aop.framework.JdkDynamicAopProxy.invoke(JdkDynamicAopProxy.java:223) ~[spring-aop-6.0.9.jar:6.0.9]
	at jdk.proxy2/jdk.proxy2.$Proxy133.existsByUsername(Unknown Source) ~[na:na]
	at com.bezkoder.springjwt.security.services.UserDetailsServiceImpl.loadUserByUsername(UserDetailsServiceImpl.java:29) ~[classes/:na]
	at com.bezkoder.springjwt.security.jwt.AuthTokenFilter.doFilterInternal(AuthTokenFilter.java:39) ~[classes/:na]
	at org.springframework.web.filter.OncePerRequestFilter.doFilter(OncePerRequestFilter.java:116) ~[spring-web-6.0.9.jar:6.0.9]
	at org.springframework.security.web.FilterChainProxy$VirtualFilterChain.doFilter(FilterChainProxy.java:374) ~[spring-security-web-6.1.0.jar:6.1.0]
	at org.springframework.security.web.authentication.logout.LogoutFilter.doFilter(LogoutFilter.java:107) ~[spring-security-web-6.1.0.jar:6.1.0]
	at org.springframework.security.web.authentication.logout.LogoutFilter.doFilter(LogoutFilter.java:93) ~[spring-security-web-6.1.0.jar:6.1.0]
	at org.springframework.security.web.FilterChainProxy$VirtualFilterChain.doFilter(FilterChainProxy.java:374) ~[spring-security-web-6.1.0.jar:6.1.0]
	at org.springframework.web.filter.CorsFilter.doFilterInternal(CorsFilter.java:91) ~[spring-web-6.0.9.jar:6.0.9]
	at org.springframework.web.filter.OncePerRequestFilter.doFilter(OncePerRequestFilter.java:116) ~[spring-web-6.0.9.jar:6.0.9]
	at org.springframework.security.web.FilterChainProxy$VirtualFilterChain.doFilter(FilterChainProxy.java:374) ~[spring-security-web-6.1.0.jar:6.1.0]
	at org.springframework.security.web.header.HeaderWriterFilter.doHeadersAfter(HeaderWriterFilter.java:90) ~[spring-security-web-6.1.0.jar:6.1.0]
	at org.springframework.security.web.header.HeaderWriterFilter.doFilterInternal(HeaderWriterFilter.java:75) ~[spring-security-web-6.1.0.jar:6.1.0]
	at org.springframework.web.filter.OncePerRequestFilter.doFilter(OncePerRequestFilter.java:116) ~[spring-web-6.0.9.jar:6.0.9]
	at org.springframework.security.web.FilterChainProxy$VirtualFilterChain.doFilter(FilterChainProxy.java:374) ~[spring-security-web-6.1.0.jar:6.1.0]
	at org.springframework.security.web.context.SecurityContextHolderFilter.doFilter(SecurityContextHolderFilter.java:82) ~[spring-security-web-6.1.0.jar:6.1.0]
	at org.springframework.security.web.context.SecurityContextHolderFilter.doFilter(SecurityContextHolderFilter.java:69) ~[spring-security-web-6.1.0.jar:6.1.0]
	at org.springframework.security.web.FilterChainProxy$VirtualFilterChain.doFilter(FilterChainProxy.java:374) ~[spring-security-web-6.1.0.jar:6.1.0]
	at org.springframework.security.web.context.request.async.WebAsyncManagerIntegrationFilter.doFilterInternal(WebAsyncManagerIntegrationFilter.java:62) ~[spring-security-web-6.1.0.jar:6.1.0]
	at org.springframework.web.filter.OncePerRequestFilter.doFilter(OncePerRequestFilter.java:116) ~[spring-web-6.0.9.jar:6.0.9]
	at org.springframework.security.web.FilterChainProxy$VirtualFilterChain.doFilter(FilterChainProxy.java:374) ~[spring-security-web-6.1.0.jar:6.1.0]
	at org.springframework.security.web.session.DisableEncodeUrlFilter.doFilterInternal(DisableEncodeUrlFilter.java:42) ~[spring-security-web-6.1.0.jar:6.1.0]
	at org.springframework.web.filter.OncePerRequestFilter.doFilter(OncePerRequestFilter.java:116) ~[spring-web-6.0.9.jar:6.0.9]
	at org.springframework.security.web.FilterChainProxy$VirtualFilterChain.doFilter(FilterChainProxy.java:374) ~[spring-security-web-6.1.0.jar:6.1.0]
	at org.springframework.security.web.FilterChainProxy.doFilterInternal(FilterChainProxy.java:233) ~[spring-security-web-6.1.0.jar:6.1.0]
	at org.springframework.security.web.FilterChainProxy.doFilter(FilterChainProxy.java:191) ~[spring-security-web-6.1.0.jar:6.1.0]
	at org.springframework.web.filter.DelegatingFilterProxy.invokeDelegate(DelegatingFilterProxy.java:352) ~[spring-web-6.0.9.jar:6.0.9]
	at org.springframework.web.filter.DelegatingFilterProxy.doFilter(DelegatingFilterProxy.java:268) ~[spring-web-6.0.9.jar:6.0.9]
	at org.apache.catalina.core.ApplicationFilterChain.internalDoFilter(ApplicationFilterChain.java:174) ~[tomcat-embed-core-10.1.8.jar:10.1.8]
	at org.apache.catalina.core.ApplicationFilterChain.doFilter(ApplicationFilterChain.java:149) ~[tomcat-embed-core-10.1.8.jar:10.1.8]
	at org.springframework.web.filter.RequestContextFilter.doFilterInternal(RequestContextFilter.java:100) ~[spring-web-6.0.9.jar:6.0.9]
	at org.springframework.web.filter.OncePerRequestFilter.doFilter(OncePerRequestFilter.java:116) ~[spring-web-6.0.9.jar:6.0.9]
	at org.apache.catalina.core.ApplicationFilterChain.internalDoFilter(ApplicationFilterChain.java:174) ~[tomcat-embed-core-10.1.8.jar:10.1.8]
	at org.apache.catalina.core.ApplicationFilterChain.doFilter(ApplicationFilterChain.java:149) ~[tomcat-embed-core-10.1.8.jar:10.1.8]
	at org.springframework.web.filter.FormContentFilter.doFilterInternal(FormContentFilter.java:93) ~[spring-web-6.0.9.jar:6.0.9]
	at org.springframework.web.filter.OncePerRequestFilter.doFilter(OncePerRequestFilter.java:116) ~[spring-web-6.0.9.jar:6.0.9]
	at org.apache.catalina.core.ApplicationFilterChain.internalDoFilter(ApplicationFilterChain.java:174) ~[tomcat-embed-core-10.1.8.jar:10.1.8]
	at org.apache.catalina.core.ApplicationFilterChain.doFilter(ApplicationFilterChain.java:149) ~[tomcat-embed-core-10.1.8.jar:10.1.8]
	at org.springframework.web.filter.CharacterEncodingFilter.doFilterInternal(CharacterEncodingFilter.java:201) ~[spring-web-6.0.9.jar:6.0.9]
	at org.springframework.web.filter.OncePerRequestFilter.doFilter(OncePerRequestFilter.java:116) ~[spring-web-6.0.9.jar:6.0.9]
	at org.apache.catalina.core.ApplicationFilterChain.internalDoFilter(ApplicationFilterChain.java:174) ~[tomcat-embed-core-10.1.8.jar:10.1.8]
	at org.apache.catalina.core.ApplicationFilterChain.doFilter(ApplicationFilterChain.java:149) ~[tomcat-embed-core-10.1.8.jar:10.1.8]
	at org.apache.catalina.core.StandardWrapperValve.invoke(StandardWrapperValve.java:166) ~[tomcat-embed-core-10.1.8.jar:10.1.8]
	at org.apache.catalina.core.StandardContextValve.invoke(StandardContextValve.java:90) ~[tomcat-embed-core-10.1.8.jar:10.1.8]
	at org.apache.catalina.authenticator.AuthenticatorBase.invoke(AuthenticatorBase.java:482) ~[tomcat-embed-core-10.1.8.jar:10.1.8]
	at org.apache.catalina.core.StandardHostValve.invoke(StandardHostValve.java:115) ~[tomcat-embed-core-10.1.8.jar:10.1.8]
	at org.apache.catalina.valves.ErrorReportValve.invoke(ErrorReportValve.java:93) ~[tomcat-embed-core-10.1.8.jar:10.1.8]
	at org.apache.catalina.core.StandardEngineValve.invoke(StandardEngineValve.java:74) ~[tomcat-embed-core-10.1.8.jar:10.1.8]
	at org.apache.catalina.connector.CoyoteAdapter.service(CoyoteAdapter.java:341) ~[tomcat-embed-core-10.1.8.jar:10.1.8]
	at org.apache.coyote.http11.Http11Processor.service(Http11Processor.java:390) ~[tomcat-embed-core-10.1.8.jar:10.1.8]
	at org.apache.coyote.AbstractProcessorLight.process(AbstractProcessorLight.java:63) ~[tomcat-embed-core-10.1.8.jar:10.1.8]
	at org.apache.coyote.AbstractProtocol$ConnectionHandler.process(AbstractProtocol.java:894) ~[tomcat-embed-core-10.1.8.jar:10.1.8]
	at org.apache.tomcat.util.net.NioEndpoint$SocketProcessor.doRun(NioEndpoint.java:1741) ~[tomcat-embed-core-10.1.8.jar:10.1.8]
	at org.apache.tomcat.util.net.SocketProcessorBase.run(SocketProcessorBase.java:52) ~[tomcat-embed-core-10.1.8.jar:10.1.8]
	at org.apache.tomcat.util.threads.ThreadPoolExecutor.runWorker(ThreadPoolExecutor.java:1191) ~[tomcat-embed-core-10.1.8.jar:10.1.8]
	at org.apache.tomcat.util.threads.ThreadPoolExecutor$Worker.run(ThreadPoolExecutor.java:659) ~[tomcat-embed-core-10.1.8.jar:10.1.8]
	at org.apache.tomcat.util.threads.TaskThread$WrappingRunnable.run(TaskThread.java:61) ~[tomcat-embed-core-10.1.8.jar:10.1.8]
	at java.base/java.lang.Thread.run(Thread.java:1575) ~[na:na]
Caused by: org.hibernate.exception.JDBCConnectionException: Unable to acquire JDBC Connection [HikariPool-1 - Connection is not available, request timed out after 155802ms.] [n/a]
	at org.hibernate.exception.internal.SQLExceptionTypeDelegate.convert(SQLExceptionTypeDelegate.java:49) ~[hibernate-core-6.2.2.Final.jar:6.2.2.Final]
	at org.hibernate.exception.internal.StandardSQLExceptionConverter.convert(StandardSQLExceptionConverter.java:56) ~[hibernate-core-6.2.2.Final.jar:6.2.2.Final]
	at org.hibernate.engine.jdbc.spi.SqlExceptionHelper.convert(SqlExceptionHelper.java:108) ~[hibernate-core-6.2.2.Final.jar:6.2.2.Final]
	at org.hibernate.engine.jdbc.spi.SqlExceptionHelper.convert(SqlExceptionHelper.java:94) ~[hibernate-core-6.2.2.Final.jar:6.2.2.Final]
	at org.hibernate.resource.jdbc.internal.LogicalConnectionManagedImpl.acquireConnectionIfNeeded(LogicalConnectionManagedImpl.java:116) ~[hibernate-core-6.2.2.Final.jar:6.2.2.Final]
	at org.hibernate.resource.jdbc.internal.LogicalConnectionManagedImpl.getPhysicalConnection(LogicalConnectionManagedImpl.java:143) ~[hibernate-core-6.2.2.Final.jar:6.2.2.Final]
	at org.hibernate.engine.jdbc.internal.StatementPreparerImpl.connection(StatementPreparerImpl.java:51) ~[hibernate-core-6.2.2.Final.jar:6.2.2.Final]
	at org.hibernate.engine.jdbc.internal.StatementPreparerImpl$1.doPrepare(StatementPreparerImpl.java:91) ~[hibernate-core-6.2.2.Final.jar:6.2.2.Final]
	at org.hibernate.engine.jdbc.internal.StatementPreparerImpl$StatementPreparationTemplate.prepareStatement(StatementPreparerImpl.java:177) ~[hibernate-core-6.2.2.Final.jar:6.2.2.Final]
	at org.hibernate.engine.jdbc.internal.StatementPreparerImpl.prepareStatement(StatementPreparerImpl.java:76) ~[hibernate-core-6.2.2.Final.jar:6.2.2.Final]
	at org.hibernate.sql.exec.internal.JdbcSelectExecutorStandardImpl.lambda$list$0(JdbcSelectExecutorStandardImpl.java:102) ~[hibernate-core-6.2.2.Final.jar:6.2.2.Final]
	at org.hibernate.sql.results.jdbc.internal.DeferredResultSetAccess.executeQuery(DeferredResultSetAccess.java:226) ~[hibernate-core-6.2.2.Final.jar:6.2.2.Final]
	at org.hibernate.sql.results.jdbc.internal.DeferredResultSetAccess.getResultSet(DeferredResultSetAccess.java:163) ~[hibernate-core-6.2.2.Final.jar:6.2.2.Final]
	at org.hibernate.sql.results.jdbc.internal.JdbcValuesResultSetImpl.advanceNext(JdbcValuesResultSetImpl.java:204) ~[hibernate-core-6.2.2.Final.jar:6.2.2.Final]
	at org.hibernate.sql.results.jdbc.internal.JdbcValuesResultSetImpl.processNext(JdbcValuesResultSetImpl.java:84) ~[hibernate-core-6.2.2.Final.jar:6.2.2.Final]
	at org.hibernate.sql.results.jdbc.internal.AbstractJdbcValues.next(AbstractJdbcValues.java:29) ~[hibernate-core-6.2.2.Final.jar:6.2.2.Final]
	at org.hibernate.sql.results.internal.RowProcessingStateStandardImpl.next(RowProcessingStateStandardImpl.java:65) ~[hibernate-core-6.2.2.Final.jar:6.2.2.Final]
	at org.hibernate.sql.results.spi.ListResultsConsumer.consume(ListResultsConsumer.java:198) ~[hibernate-core-6.2.2.Final.jar:6.2.2.Final]
	at org.hibernate.sql.results.spi.ListResultsConsumer.consume(ListResultsConsumer.java:33) ~[hibernate-core-6.2.2.Final.jar:6.2.2.Final]
	at org.hibernate.sql.exec.internal.JdbcSelectExecutorStandardImpl.doExecuteQuery(JdbcSelectExecutorStandardImpl.java:362) ~[hibernate-core-6.2.2.Final.jar:6.2.2.Final]
	at org.hibernate.sql.exec.internal.JdbcSelectExecutorStandardImpl.executeQuery(JdbcSelectExecutorStandardImpl.java:168) ~[hibernate-core-6.2.2.Final.jar:6.2.2.Final]
	at org.hibernate.sql.exec.internal.JdbcSelectExecutorStandardImpl.list(JdbcSelectExecutorStandardImpl.java:93) ~[hibernate-core-6.2.2.Final.jar:6.2.2.Final]
	at org.hibernate.sql.exec.spi.JdbcSelectExecutor.list(JdbcSelectExecutor.java:31) ~[hibernate-core-6.2.2.Final.jar:6.2.2.Final]
	at org.hibernate.query.sqm.internal.ConcreteSqmSelectQueryPlan.lambda$new$0(ConcreteSqmSelectQueryPlan.java:109) ~[hibernate-core-6.2.2.Final.jar:6.2.2.Final]
	at org.hibernate.query.sqm.internal.ConcreteSqmSelectQueryPlan.withCacheableSqmInterpretation(ConcreteSqmSelectQueryPlan.java:302) ~[hibernate-core-6.2.2.Final.jar:6.2.2.Final]
	at org.hibernate.query.sqm.internal.ConcreteSqmSelectQueryPlan.performList(ConcreteSqmSelectQueryPlan.java:243) ~[hibernate-core-6.2.2.Final.jar:6.2.2.Final]
	at org.hibernate.query.sqm.internal.QuerySqmImpl.doList(QuerySqmImpl.java:518) ~[hibernate-core-6.2.2.Final.jar:6.2.2.Final]
	at org.hibernate.query.spi.AbstractSelectionQuery.list(AbstractSelectionQuery.java:367) ~[hibernate-core-6.2.2.Final.jar:6.2.2.Final]
	at org.hibernate.query.Query.getResultList(Query.java:119) ~[hibernate-core-6.2.2.Final.jar:6.2.2.Final]
	at java.base/jdk.internal.reflect.DirectMethodHandleAccessor.invoke(DirectMethodHandleAccessor.java:103) ~[na:na]
	at java.base/java.lang.reflect.Method.invoke(Method.java:580) ~[na:na]
	at org.springframework.orm.jpa.SharedEntityManagerCreator$DeferredQueryInvocationHandler.invoke(SharedEntityManagerCreator.java:405) ~[spring-orm-6.0.9.jar:6.0.9]
	at jdk.proxy2/jdk.proxy2.$Proxy163.getResultList(Unknown Source) ~[na:na]
	at org.springframework.data.jpa.repository.query.JpaQueryExecution$ExistsExecution.doExecute(JpaQueryExecution.java:315) ~[spring-data-jpa-3.1.0.jar:3.1.0]
	at org.springframework.data.jpa.repository.query.JpaQueryExecution.execute(JpaQueryExecution.java:92) ~[spring-data-jpa-3.1.0.jar:3.1.0]
	at org.springframework.data.jpa.repository.query.AbstractJpaQuery.doExecute(AbstractJpaQuery.java:148) ~[spring-data-jpa-3.1.0.jar:3.1.0]
	at org.springframework.data.jpa.repository.query.AbstractJpaQuery.execute(AbstractJpaQuery.java:136) ~[spring-data-jpa-3.1.0.jar:3.1.0]
	at org.springframework.data.repository.core.support.RepositoryMethodInvoker.doInvoke(RepositoryMethodInvoker.java:136) ~[spring-data-commons-3.1.0.jar:3.1.0]
	at org.springframework.data.repository.core.support.RepositoryMethodInvoker.invoke(RepositoryMethodInvoker.java:120) ~[spring-data-commons-3.1.0.jar:3.1.0]
	at org.springframework.data.repository.core.support.QueryExecutorMethodInterceptor.doInvoke(QueryExecutorMethodInterceptor.java:164) ~[spring-data-commons-3.1.0.jar:3.1.0]
	at org.springframework.data.repository.core.support.QueryExecutorMethodInterceptor.invoke(QueryExecutorMethodInterceptor.java:143) ~[spring-data-commons-3.1.0.jar:3.1.0]
	at org.springframework.aop.framework.ReflectiveMethodInvocation.proceed(ReflectiveMethodInvocation.java:184) ~[spring-aop-6.0.9.jar:6.0.9]
	at org.springframework.data.projection.DefaultMethodInvokingMethodInterceptor.invoke(DefaultMethodInvokingMethodInterceptor.java:77) ~[spring-data-commons-3.1.0.jar:3.1.0]
	at org.springframework.aop.framework.ReflectiveMethodInvocation.proceed(ReflectiveMethodInvocation.java:184) ~[spring-aop-6.0.9.jar:6.0.9]
	at org.springframework.transaction.interceptor.TransactionInterceptor$1.proceedWithInvocation(TransactionInterceptor.java:123) ~[spring-tx-6.0.9.jar:6.0.9]
	at org.springframework.transaction.interceptor.TransactionAspectSupport.invokeWithinTransaction(TransactionAspectSupport.java:391) ~[spring-tx-6.0.9.jar:6.0.9]
	at org.springframework.transaction.interceptor.TransactionInterceptor.invoke(TransactionInterceptor.java:119) ~[spring-tx-6.0.9.jar:6.0.9]
	at org.springframework.aop.framework.ReflectiveMethodInvocation.proceed(ReflectiveMethodInvocation.java:184) ~[spring-aop-6.0.9.jar:6.0.9]
	at org.springframework.dao.support.PersistenceExceptionTranslationInterceptor.invoke(PersistenceExceptionTranslationInterceptor.java:137) ~[spring-tx-6.0.9.jar:6.0.9]
	... 64 common frames omitted
Caused by: java.sql.SQLTransientConnectionException: HikariPool-1 - Connection is not available, request timed out after 155802ms.
	at com.zaxxer.hikari.pool.HikariPool.createTimeoutException(HikariPool.java:696) ~[HikariCP-5.0.1.jar:na]
	at com.zaxxer.hikari.pool.HikariPool.getConnection(HikariPool.java:181) ~[HikariCP-5.0.1.jar:na]
	at com.zaxxer.hikari.pool.HikariPool.getConnection(HikariPool.java:146) ~[HikariCP-5.0.1.jar:na]
	at com.zaxxer.hikari.HikariDataSource.getConnection(HikariDataSource.java:128) ~[HikariCP-5.0.1.jar:na]
	at org.hibernate.engine.jdbc.connections.internal.DatasourceConnectionProviderImpl.getConnection(DatasourceConnectionProviderImpl.java:122) ~[hibernate-core-6.2.2.Final.jar:6.2.2.Final]
	at org.hibernate.internal.NonContextualJdbcConnectionAccess.obtainConnection(NonContextualJdbcConnectionAccess.java:38) ~[hibernate-core-6.2.2.Final.jar:6.2.2.Final]
	at org.hibernate.resource.jdbc.internal.LogicalConnectionManagedImpl.acquireConnectionIfNeeded(LogicalConnectionManagedImpl.java:113) ~[hibernate-core-6.2.2.Final.jar:6.2.2.Final]
	... 108 common frames omitted
Caused by: java.sql.SQLNonTransientConnectionException: No operations allowed after connection closed.
	at com.mysql.cj.jdbc.exceptions.SQLError.createSQLException(SQLError.java:111) ~[mysql-connector-j-8.0.33.jar:8.0.33]
	at com.mysql.cj.jdbc.exceptions.SQLError.createSQLException(SQLError.java:98) ~[mysql-connector-j-8.0.33.jar:8.0.33]
	at com.mysql.cj.jdbc.exceptions.SQLError.createSQLException(SQLError.java:90) ~[mysql-connector-j-8.0.33.jar:8.0.33]
	at com.mysql.cj.jdbc.exceptions.SQLError.createSQLException(SQLError.java:64) ~[mysql-connector-j-8.0.33.jar:8.0.33]
	at com.mysql.cj.jdbc.exceptions.SQLError.createSQLException(SQLError.java:74) ~[mysql-connector-j-8.0.33.jar:8.0.33]
	at com.mysql.cj.jdbc.exceptions.SQLExceptionsMapping.translateException(SQLExceptionsMapping.java:73) ~[mysql-connector-j-8.0.33.jar:8.0.33]
	at com.mysql.cj.jdbc.ConnectionImpl.setNetworkTimeout(ConnectionImpl.java:2457) ~[mysql-connector-j-8.0.33.jar:8.0.33]
	at com.zaxxer.hikari.pool.PoolBase.setNetworkTimeout(PoolBase.java:561) ~[HikariCP-5.0.1.jar:na]
	at com.zaxxer.hikari.pool.PoolBase.isConnectionDead(PoolBase.java:168) ~[HikariCP-5.0.1.jar:na]
	at com.zaxxer.hikari.pool.HikariPool.getConnection(HikariPool.java:170) ~[HikariCP-5.0.1.jar:na]
	... 113 common frames omitted
Caused by: com.mysql.cj.exceptions.ConnectionIsClosedException: No operations allowed after connection closed.
	at java.base/jdk.internal.reflect.DirectConstructorHandleAccessor.newInstance(DirectConstructorHandleAccessor.java:62) ~[na:na]
	at java.base/java.lang.reflect.Constructor.newInstanceWithCaller(Constructor.java:501) ~[na:na]
	at java.base/java.lang.reflect.Constructor.newInstance(Constructor.java:485) ~[na:na]
	at com.mysql.cj.exceptions.ExceptionFactory.createException(ExceptionFactory.java:62) ~[mysql-connector-j-8.0.33.jar:8.0.33]
	at com.mysql.cj.exceptions.ExceptionFactory.createException(ExceptionFactory.java:105) ~[mysql-connector-j-8.0.33.jar:8.0.33]
	at com.mysql.cj.exceptions.ExceptionFactory.createException(ExceptionFactory.java:150) ~[mysql-connector-j-8.0.33.jar:8.0.33]
	at com.mysql.cj.NativeSession.checkClosed(NativeSession.java:753) ~[mysql-connector-j-8.0.33.jar:8.0.33]
	at com.mysql.cj.jdbc.ConnectionImpl.checkClosed(ConnectionImpl.java:565) ~[mysql-connector-j-8.0.33.jar:8.0.33]
	at com.mysql.cj.jdbc.ConnectionImpl.setNetworkTimeout(ConnectionImpl.java:2453) ~[mysql-connector-j-8.0.33.jar:8.0.33]
	... 116 common frames omitted

2025-08-01T09:06:01.348+03:00 ERROR 19631 --- [http-nio-8080-exec-1] c.b.s.security.jwt.AuthTokenFilter       : Cannot set user authentication: {}

org.springframework.dao.DataAccessResourceFailureException: Unable to acquire JDBC Connection [HikariPool-1 - Connection is not available, request timed out after 155802ms.] [n/a]
	at org.springframework.orm.jpa.vendor.HibernateJpaDialect.convertHibernateAccessException(HibernateJpaDialect.java:253) ~[spring-orm-6.0.9.jar:6.0.9]
	at org.springframework.orm.jpa.vendor.HibernateJpaDialect.translateExceptionIfPossible(HibernateJpaDialect.java:229) ~[spring-orm-6.0.9.jar:6.0.9]
	at org.springframework.orm.jpa.AbstractEntityManagerFactoryBean.translateExceptionIfPossible(AbstractEntityManagerFactoryBean.java:550) ~[spring-orm-6.0.9.jar:6.0.9]
	at org.springframework.dao.support.ChainedPersistenceExceptionTranslator.translateExceptionIfPossible(ChainedPersistenceExceptionTranslator.java:61) ~[spring-tx-6.0.9.jar:6.0.9]
	at org.springframework.dao.support.DataAccessUtils.translateIfNecessary(DataAccessUtils.java:242) ~[spring-tx-6.0.9.jar:6.0.9]
	at org.springframework.dao.support.PersistenceExceptionTranslationInterceptor.invoke(PersistenceExceptionTranslationInterceptor.java:152) ~[spring-tx-6.0.9.jar:6.0.9]
	at org.springframework.aop.framework.ReflectiveMethodInvocation.proceed(ReflectiveMethodInvocation.java:184) ~[spring-aop-6.0.9.jar:6.0.9]
	at org.springframework.data.jpa.repository.support.CrudMethodMetadataPostProcessor$CrudMethodMetadataPopulatingMethodInterceptor.invoke(CrudMethodMetadataPostProcessor.java:134) ~[spring-data-jpa-3.1.0.jar:3.1.0]
	at org.springframework.aop.framework.ReflectiveMethodInvocation.proceed(ReflectiveMethodInvocation.java:184) ~[spring-aop-6.0.9.jar:6.0.9]
	at org.springframework.aop.interceptor.ExposeInvocationInterceptor.invoke(ExposeInvocationInterceptor.java:97) ~[spring-aop-6.0.9.jar:6.0.9]
	at org.springframework.aop.framework.ReflectiveMethodInvocation.proceed(ReflectiveMethodInvocation.java:184) ~[spring-aop-6.0.9.jar:6.0.9]
	at org.springframework.aop.framework.JdkDynamicAopProxy.invoke(JdkDynamicAopProxy.java:223) ~[spring-aop-6.0.9.jar:6.0.9]
	at jdk.proxy2/jdk.proxy2.$Proxy133.existsByUsername(Unknown Source) ~[na:na]
	at com.bezkoder.springjwt.security.services.UserDetailsServiceImpl.loadUserByUsername(UserDetailsServiceImpl.java:29) ~[classes/:na]
	at com.bezkoder.springjwt.security.jwt.AuthTokenFilter.doFilterInternal(AuthTokenFilter.java:39) ~[classes/:na]
	at org.springframework.web.filter.OncePerRequestFilter.doFilter(OncePerRequestFilter.java:116) ~[spring-web-6.0.9.jar:6.0.9]
	at org.springframework.security.web.FilterChainProxy$VirtualFilterChain.doFilter(FilterChainProxy.java:374) ~[spring-security-web-6.1.0.jar:6.1.0]
	at org.springframework.security.web.authentication.logout.LogoutFilter.doFilter(LogoutFilter.java:107) ~[spring-security-web-6.1.0.jar:6.1.0]
	at org.springframework.security.web.authentication.logout.LogoutFilter.doFilter(LogoutFilter.java:93) ~[spring-security-web-6.1.0.jar:6.1.0]
	at org.springframework.security.web.FilterChainProxy$VirtualFilterChain.doFilter(FilterChainProxy.java:374) ~[spring-security-web-6.1.0.jar:6.1.0]
	at org.springframework.web.filter.CorsFilter.doFilterInternal(CorsFilter.java:91) ~[spring-web-6.0.9.jar:6.0.9]
	at org.springframework.web.filter.OncePerRequestFilter.doFilter(OncePerRequestFilter.java:116) ~[spring-web-6.0.9.jar:6.0.9]
	at org.springframework.security.web.FilterChainProxy$VirtualFilterChain.doFilter(FilterChainProxy.java:374) ~[spring-security-web-6.1.0.jar:6.1.0]
	at org.springframework.security.web.header.HeaderWriterFilter.doHeadersAfter(HeaderWriterFilter.java:90) ~[spring-security-web-6.1.0.jar:6.1.0]
	at org.springframework.security.web.header.HeaderWriterFilter.doFilterInternal(HeaderWriterFilter.java:75) ~[spring-security-web-6.1.0.jar:6.1.0]
	at org.springframework.web.filter.OncePerRequestFilter.doFilter(OncePerRequestFilter.java:116) ~[spring-web-6.0.9.jar:6.0.9]
	at org.springframework.security.web.FilterChainProxy$VirtualFilterChain.doFilter(FilterChainProxy.java:374) ~[spring-security-web-6.1.0.jar:6.1.0]
	at org.springframework.security.web.context.SecurityContextHolderFilter.doFilter(SecurityContextHolderFilter.java:82) ~[spring-security-web-6.1.0.jar:6.1.0]
	at org.springframework.security.web.context.SecurityContextHolderFilter.doFilter(SecurityContextHolderFilter.java:69) ~[spring-security-web-6.1.0.jar:6.1.0]
	at org.springframework.security.web.FilterChainProxy$VirtualFilterChain.doFilter(FilterChainProxy.java:374) ~[spring-security-web-6.1.0.jar:6.1.0]
	at org.springframework.security.web.context.request.async.WebAsyncManagerIntegrationFilter.doFilterInternal(WebAsyncManagerIntegrationFilter.java:62) ~[spring-security-web-6.1.0.jar:6.1.0]
	at org.springframework.web.filter.OncePerRequestFilter.doFilter(OncePerRequestFilter.java:116) ~[spring-web-6.0.9.jar:6.0.9]
	at org.springframework.security.web.FilterChainProxy$VirtualFilterChain.doFilter(FilterChainProxy.java:374) ~[spring-security-web-6.1.0.jar:6.1.0]
	at org.springframework.security.web.session.DisableEncodeUrlFilter.doFilterInternal(DisableEncodeUrlFilter.java:42) ~[spring-security-web-6.1.0.jar:6.1.0]
	at org.springframework.web.filter.OncePerRequestFilter.doFilter(OncePerRequestFilter.java:116) ~[spring-web-6.0.9.jar:6.0.9]
	at org.springframework.security.web.FilterChainProxy$VirtualFilterChain.doFilter(FilterChainProxy.java:374) ~[spring-security-web-6.1.0.jar:6.1.0]
	at org.springframework.security.web.FilterChainProxy.doFilterInternal(FilterChainProxy.java:233) ~[spring-security-web-6.1.0.jar:6.1.0]
	at org.springframework.security.web.FilterChainProxy.doFilter(FilterChainProxy.java:191) ~[spring-security-web-6.1.0.jar:6.1.0]
	at org.springframework.web.filter.DelegatingFilterProxy.invokeDelegate(DelegatingFilterProxy.java:352) ~[spring-web-6.0.9.jar:6.0.9]
	at org.springframework.web.filter.DelegatingFilterProxy.doFilter(DelegatingFilterProxy.java:268) ~[spring-web-6.0.9.jar:6.0.9]
	at org.apache.catalina.core.ApplicationFilterChain.internalDoFilter(ApplicationFilterChain.java:174) ~[tomcat-embed-core-10.1.8.jar:10.1.8]
	at org.apache.catalina.core.ApplicationFilterChain.doFilter(ApplicationFilterChain.java:149) ~[tomcat-embed-core-10.1.8.jar:10.1.8]
	at org.springframework.web.filter.RequestContextFilter.doFilterInternal(RequestContextFilter.java:100) ~[spring-web-6.0.9.jar:6.0.9]
	at org.springframework.web.filter.OncePerRequestFilter.doFilter(OncePerRequestFilter.java:116) ~[spring-web-6.0.9.jar:6.0.9]
	at org.apache.catalina.core.ApplicationFilterChain.internalDoFilter(ApplicationFilterChain.java:174) ~[tomcat-embed-core-10.1.8.jar:10.1.8]
	at org.apache.catalina.core.ApplicationFilterChain.doFilter(ApplicationFilterChain.java:149) ~[tomcat-embed-core-10.1.8.jar:10.1.8]
	at org.springframework.web.filter.FormContentFilter.doFilterInternal(FormContentFilter.java:93) ~[spring-web-6.0.9.jar:6.0.9]
	at org.springframework.web.filter.OncePerRequestFilter.doFilter(OncePerRequestFilter.java:116) ~[spring-web-6.0.9.jar:6.0.9]
	at org.apache.catalina.core.ApplicationFilterChain.internalDoFilter(ApplicationFilterChain.java:174) ~[tomcat-embed-core-10.1.8.jar:10.1.8]
	at org.apache.catalina.core.ApplicationFilterChain.doFilter(ApplicationFilterChain.java:149) ~[tomcat-embed-core-10.1.8.jar:10.1.8]
	at org.springframework.web.filter.CharacterEncodingFilter.doFilterInternal(CharacterEncodingFilter.java:201) ~[spring-web-6.0.9.jar:6.0.9]
	at org.springframework.web.filter.OncePerRequestFilter.doFilter(OncePerRequestFilter.java:116) ~[spring-web-6.0.9.jar:6.0.9]
	at org.apache.catalina.core.ApplicationFilterChain.internalDoFilter(ApplicationFilterChain.java:174) ~[tomcat-embed-core-10.1.8.jar:10.1.8]
	at org.apache.catalina.core.ApplicationFilterChain.doFilter(ApplicationFilterChain.java:149) ~[tomcat-embed-core-10.1.8.jar:10.1.8]
	at org.apache.catalina.core.StandardWrapperValve.invoke(StandardWrapperValve.java:166) ~[tomcat-embed-core-10.1.8.jar:10.1.8]
	at org.apache.catalina.core.StandardContextValve.invoke(StandardContextValve.java:90) ~[tomcat-embed-core-10.1.8.jar:10.1.8]
	at org.apache.catalina.authenticator.AuthenticatorBase.invoke(AuthenticatorBase.java:482) ~[tomcat-embed-core-10.1.8.jar:10.1.8]
	at org.apache.catalina.core.StandardHostValve.invoke(StandardHostValve.java:115) ~[tomcat-embed-core-10.1.8.jar:10.1.8]
	at org.apache.catalina.valves.ErrorReportValve.invoke(ErrorReportValve.java:93) ~[tomcat-embed-core-10.1.8.jar:10.1.8]
	at org.apache.catalina.core.StandardEngineValve.invoke(StandardEngineValve.java:74) ~[tomcat-embed-core-10.1.8.jar:10.1.8]
	at org.apache.catalina.connector.CoyoteAdapter.service(CoyoteAdapter.java:341) ~[tomcat-embed-core-10.1.8.jar:10.1.8]
	at org.apache.coyote.http11.Http11Processor.service(Http11Processor.java:390) ~[tomcat-embed-core-10.1.8.jar:10.1.8]
	at org.apache.coyote.AbstractProcessorLight.process(AbstractProcessorLight.java:63) ~[tomcat-embed-core-10.1.8.jar:10.1.8]
	at org.apache.coyote.AbstractProtocol$ConnectionHandler.process(AbstractProtocol.java:894) ~[tomcat-embed-core-10.1.8.jar:10.1.8]
	at org.apache.tomcat.util.net.NioEndpoint$SocketProcessor.doRun(NioEndpoint.java:1741) ~[tomcat-embed-core-10.1.8.jar:10.1.8]
	at org.apache.tomcat.util.net.SocketProcessorBase.run(SocketProcessorBase.java:52) ~[tomcat-embed-core-10.1.8.jar:10.1.8]
	at org.apache.tomcat.util.threads.ThreadPoolExecutor.runWorker(ThreadPoolExecutor.java:1191) ~[tomcat-embed-core-10.1.8.jar:10.1.8]
	at org.apache.tomcat.util.threads.ThreadPoolExecutor$Worker.run(ThreadPoolExecutor.java:659) ~[tomcat-embed-core-10.1.8.jar:10.1.8]
	at org.apache.tomcat.util.threads.TaskThread$WrappingRunnable.run(TaskThread.java:61) ~[tomcat-embed-core-10.1.8.jar:10.1.8]
	at java.base/java.lang.Thread.run(Thread.java:1575) ~[na:na]
Caused by: org.hibernate.exception.JDBCConnectionException: Unable to acquire JDBC Connection [HikariPool-1 - Connection is not available, request timed out after 155802ms.] [n/a]
	at org.hibernate.exception.internal.SQLExceptionTypeDelegate.convert(SQLExceptionTypeDelegate.java:49) ~[hibernate-core-6.2.2.Final.jar:6.2.2.Final]
	at org.hibernate.exception.internal.StandardSQLExceptionConverter.convert(StandardSQLExceptionConverter.java:56) ~[hibernate-core-6.2.2.Final.jar:6.2.2.Final]
	at org.hibernate.engine.jdbc.spi.SqlExceptionHelper.convert(SqlExceptionHelper.java:108) ~[hibernate-core-6.2.2.Final.jar:6.2.2.Final]
	at org.hibernate.engine.jdbc.spi.SqlExceptionHelper.convert(SqlExceptionHelper.java:94) ~[hibernate-core-6.2.2.Final.jar:6.2.2.Final]
	at org.hibernate.resource.jdbc.internal.LogicalConnectionManagedImpl.acquireConnectionIfNeeded(LogicalConnectionManagedImpl.java:116) ~[hibernate-core-6.2.2.Final.jar:6.2.2.Final]
	at org.hibernate.resource.jdbc.internal.LogicalConnectionManagedImpl.getPhysicalConnection(LogicalConnectionManagedImpl.java:143) ~[hibernate-core-6.2.2.Final.jar:6.2.2.Final]
	at org.hibernate.engine.jdbc.internal.StatementPreparerImpl.connection(StatementPreparerImpl.java:51) ~[hibernate-core-6.2.2.Final.jar:6.2.2.Final]
	at org.hibernate.engine.jdbc.internal.StatementPreparerImpl$1.doPrepare(StatementPreparerImpl.java:91) ~[hibernate-core-6.2.2.Final.jar:6.2.2.Final]
	at org.hibernate.engine.jdbc.internal.StatementPreparerImpl$StatementPreparationTemplate.prepareStatement(StatementPreparerImpl.java:177) ~[hibernate-core-6.2.2.Final.jar:6.2.2.Final]
	at org.hibernate.engine.jdbc.internal.StatementPreparerImpl.prepareStatement(StatementPreparerImpl.java:76) ~[hibernate-core-6.2.2.Final.jar:6.2.2.Final]
	at org.hibernate.sql.exec.internal.JdbcSelectExecutorStandardImpl.lambda$list$0(JdbcSelectExecutorStandardImpl.java:102) ~[hibernate-core-6.2.2.Final.jar:6.2.2.Final]
	at org.hibernate.sql.results.jdbc.internal.DeferredResultSetAccess.executeQuery(DeferredResultSetAccess.java:226) ~[hibernate-core-6.2.2.Final.jar:6.2.2.Final]
	at org.hibernate.sql.results.jdbc.internal.DeferredResultSetAccess.getResultSet(DeferredResultSetAccess.java:163) ~[hibernate-core-6.2.2.Final.jar:6.2.2.Final]
	at org.hibernate.sql.results.jdbc.internal.JdbcValuesResultSetImpl.advanceNext(JdbcValuesResultSetImpl.java:204) ~[hibernate-core-6.2.2.Final.jar:6.2.2.Final]
	at org.hibernate.sql.results.jdbc.internal.JdbcValuesResultSetImpl.processNext(JdbcValuesResultSetImpl.java:84) ~[hibernate-core-6.2.2.Final.jar:6.2.2.Final]
	at org.hibernate.sql.results.jdbc.internal.AbstractJdbcValues.next(AbstractJdbcValues.java:29) ~[hibernate-core-6.2.2.Final.jar:6.2.2.Final]
	at org.hibernate.sql.results.internal.RowProcessingStateStandardImpl.next(RowProcessingStateStandardImpl.java:65) ~[hibernate-core-6.2.2.Final.jar:6.2.2.Final]
	at org.hibernate.sql.results.spi.ListResultsConsumer.consume(ListResultsConsumer.java:198) ~[hibernate-core-6.2.2.Final.jar:6.2.2.Final]
	at org.hibernate.sql.results.spi.ListResultsConsumer.consume(ListResultsConsumer.java:33) ~[hibernate-core-6.2.2.Final.jar:6.2.2.Final]
	at org.hibernate.sql.exec.internal.JdbcSelectExecutorStandardImpl.doExecuteQuery(JdbcSelectExecutorStandardImpl.java:362) ~[hibernate-core-6.2.2.Final.jar:6.2.2.Final]
	at org.hibernate.sql.exec.internal.JdbcSelectExecutorStandardImpl.executeQuery(JdbcSelectExecutorStandardImpl.java:168) ~[hibernate-core-6.2.2.Final.jar:6.2.2.Final]
	at org.hibernate.sql.exec.internal.JdbcSelectExecutorStandardImpl.list(JdbcSelectExecutorStandardImpl.java:93) ~[hibernate-core-6.2.2.Final.jar:6.2.2.Final]
	at org.hibernate.sql.exec.spi.JdbcSelectExecutor.list(JdbcSelectExecutor.java:31) ~[hibernate-core-6.2.2.Final.jar:6.2.2.Final]
	at org.hibernate.query.sqm.internal.ConcreteSqmSelectQueryPlan.lambda$new$0(ConcreteSqmSelectQueryPlan.java:109) ~[hibernate-core-6.2.2.Final.jar:6.2.2.Final]
	at org.hibernate.query.sqm.internal.ConcreteSqmSelectQueryPlan.withCacheableSqmInterpretation(ConcreteSqmSelectQueryPlan.java:302) ~[hibernate-core-6.2.2.Final.jar:6.2.2.Final]
	at org.hibernate.query.sqm.internal.ConcreteSqmSelectQueryPlan.performList(ConcreteSqmSelectQueryPlan.java:243) ~[hibernate-core-6.2.2.Final.jar:6.2.2.Final]
	at org.hibernate.query.sqm.internal.QuerySqmImpl.doList(QuerySqmImpl.java:518) ~[hibernate-core-6.2.2.Final.jar:6.2.2.Final]
	at org.hibernate.query.spi.AbstractSelectionQuery.list(AbstractSelectionQuery.java:367) ~[hibernate-core-6.2.2.Final.jar:6.2.2.Final]
	at org.hibernate.query.Query.getResultList(Query.java:119) ~[hibernate-core-6.2.2.Final.jar:6.2.2.Final]
	at java.base/jdk.internal.reflect.DirectMethodHandleAccessor.invoke(DirectMethodHandleAccessor.java:103) ~[na:na]
	at java.base/java.lang.reflect.Method.invoke(Method.java:580) ~[na:na]
	at org.springframework.orm.jpa.SharedEntityManagerCreator$DeferredQueryInvocationHandler.invoke(SharedEntityManagerCreator.java:405) ~[spring-orm-6.0.9.jar:6.0.9]
	at jdk.proxy2/jdk.proxy2.$Proxy163.getResultList(Unknown Source) ~[na:na]
	at org.springframework.data.jpa.repository.query.JpaQueryExecution$ExistsExecution.doExecute(JpaQueryExecution.java:315) ~[spring-data-jpa-3.1.0.jar:3.1.0]
	at org.springframework.data.jpa.repository.query.JpaQueryExecution.execute(JpaQueryExecution.java:92) ~[spring-data-jpa-3.1.0.jar:3.1.0]
	at org.springframework.data.jpa.repository.query.AbstractJpaQuery.doExecute(AbstractJpaQuery.java:148) ~[spring-data-jpa-3.1.0.jar:3.1.0]
	at org.springframework.data.jpa.repository.query.AbstractJpaQuery.execute(AbstractJpaQuery.java:136) ~[spring-data-jpa-3.1.0.jar:3.1.0]
	at org.springframework.data.repository.core.support.RepositoryMethodInvoker.doInvoke(RepositoryMethodInvoker.java:136) ~[spring-data-commons-3.1.0.jar:3.1.0]
	at org.springframework.data.repository.core.support.RepositoryMethodInvoker.invoke(RepositoryMethodInvoker.java:120) ~[spring-data-commons-3.1.0.jar:3.1.0]
	at org.springframework.data.repository.core.support.QueryExecutorMethodInterceptor.doInvoke(QueryExecutorMethodInterceptor.java:164) ~[spring-data-commons-3.1.0.jar:3.1.0]
	at org.springframework.data.repository.core.support.QueryExecutorMethodInterceptor.invoke(QueryExecutorMethodInterceptor.java:143) ~[spring-data-commons-3.1.0.jar:3.1.0]
	at org.springframework.aop.framework.ReflectiveMethodInvocation.proceed(ReflectiveMethodInvocation.java:184) ~[spring-aop-6.0.9.jar:6.0.9]
	at org.springframework.data.projection.DefaultMethodInvokingMethodInterceptor.invoke(DefaultMethodInvokingMethodInterceptor.java:77) ~[spring-data-commons-3.1.0.jar:3.1.0]
	at org.springframework.aop.framework.ReflectiveMethodInvocation.proceed(ReflectiveMethodInvocation.java:184) ~[spring-aop-6.0.9.jar:6.0.9]
	at org.springframework.transaction.interceptor.TransactionInterceptor$1.proceedWithInvocation(TransactionInterceptor.java:123) ~[spring-tx-6.0.9.jar:6.0.9]
	at org.springframework.transaction.interceptor.TransactionAspectSupport.invokeWithinTransaction(TransactionAspectSupport.java:391) ~[spring-tx-6.0.9.jar:6.0.9]
	at org.springframework.transaction.interceptor.TransactionInterceptor.invoke(TransactionInterceptor.java:119) ~[spring-tx-6.0.9.jar:6.0.9]
	at org.springframework.aop.framework.ReflectiveMethodInvocation.proceed(ReflectiveMethodInvocation.java:184) ~[spring-aop-6.0.9.jar:6.0.9]
	at org.springframework.dao.support.PersistenceExceptionTranslationInterceptor.invoke(PersistenceExceptionTranslationInterceptor.java:137) ~[spring-tx-6.0.9.jar:6.0.9]
	... 64 common frames omitted
Caused by: java.sql.SQLTransientConnectionException: HikariPool-1 - Connection is not available, request timed out after 155802ms.
	at com.zaxxer.hikari.pool.HikariPool.createTimeoutException(HikariPool.java:696) ~[HikariCP-5.0.1.jar:na]
	at com.zaxxer.hikari.pool.HikariPool.getConnection(HikariPool.java:181) ~[HikariCP-5.0.1.jar:na]
	at com.zaxxer.hikari.pool.HikariPool.getConnection(HikariPool.java:146) ~[HikariCP-5.0.1.jar:na]
	at com.zaxxer.hikari.HikariDataSource.getConnection(HikariDataSource.java:128) ~[HikariCP-5.0.1.jar:na]
	at org.hibernate.engine.jdbc.connections.internal.DatasourceConnectionProviderImpl.getConnection(DatasourceConnectionProviderImpl.java:122) ~[hibernate-core-6.2.2.Final.jar:6.2.2.Final]
	at org.hibernate.internal.NonContextualJdbcConnectionAccess.obtainConnection(NonContextualJdbcConnectionAccess.java:38) ~[hibernate-core-6.2.2.Final.jar:6.2.2.Final]
	at org.hibernate.resource.jdbc.internal.LogicalConnectionManagedImpl.acquireConnectionIfNeeded(LogicalConnectionManagedImpl.java:113) ~[hibernate-core-6.2.2.Final.jar:6.2.2.Final]
	... 108 common frames omitted
Caused by: java.sql.SQLNonTransientConnectionException: No operations allowed after connection closed.
	at com.mysql.cj.jdbc.exceptions.SQLError.createSQLException(SQLError.java:111) ~[mysql-connector-j-8.0.33.jar:8.0.33]
	at com.mysql.cj.jdbc.exceptions.SQLError.createSQLException(SQLError.java:98) ~[mysql-connector-j-8.0.33.jar:8.0.33]
	at com.mysql.cj.jdbc.exceptions.SQLError.createSQLException(SQLError.java:90) ~[mysql-connector-j-8.0.33.jar:8.0.33]
	at com.mysql.cj.jdbc.exceptions.SQLError.createSQLException(SQLError.java:64) ~[mysql-connector-j-8.0.33.jar:8.0.33]
	at com.mysql.cj.jdbc.exceptions.SQLError.createSQLException(SQLError.java:74) ~[mysql-connector-j-8.0.33.jar:8.0.33]
	at com.mysql.cj.jdbc.exceptions.SQLExceptionsMapping.translateException(SQLExceptionsMapping.java:73) ~[mysql-connector-j-8.0.33.jar:8.0.33]
	at com.mysql.cj.jdbc.ConnectionImpl.setNetworkTimeout(ConnectionImpl.java:2457) ~[mysql-connector-j-8.0.33.jar:8.0.33]
	at com.zaxxer.hikari.pool.PoolBase.setNetworkTimeout(PoolBase.java:561) ~[HikariCP-5.0.1.jar:na]
	at com.zaxxer.hikari.pool.PoolBase.isConnectionDead(PoolBase.java:168) ~[HikariCP-5.0.1.jar:na]
	at com.zaxxer.hikari.pool.HikariPool.getConnection(HikariPool.java:170) ~[HikariCP-5.0.1.jar:na]
	... 113 common frames omitted
Caused by: com.mysql.cj.exceptions.ConnectionIsClosedException: No operations allowed after connection closed.
	at java.base/jdk.internal.reflect.DirectConstructorHandleAccessor.newInstance(DirectConstructorHandleAccessor.java:62) ~[na:na]
	at java.base/java.lang.reflect.Constructor.newInstanceWithCaller(Constructor.java:501) ~[na:na]
	at java.base/java.lang.reflect.Constructor.newInstance(Constructor.java:485) ~[na:na]
	at com.mysql.cj.exceptions.ExceptionFactory.createException(ExceptionFactory.java:62) ~[mysql-connector-j-8.0.33.jar:8.0.33]
	at com.mysql.cj.exceptions.ExceptionFactory.createException(ExceptionFactory.java:105) ~[mysql-connector-j-8.0.33.jar:8.0.33]
	at com.mysql.cj.exceptions.ExceptionFactory.createException(ExceptionFactory.java:150) ~[mysql-connector-j-8.0.33.jar:8.0.33]
	at com.mysql.cj.NativeSession.checkClosed(NativeSession.java:753) ~[mysql-connector-j-8.0.33.jar:8.0.33]
	at com.mysql.cj.jdbc.ConnectionImpl.checkClosed(ConnectionImpl.java:565) ~[mysql-connector-j-8.0.33.jar:8.0.33]
	at com.mysql.cj.jdbc.ConnectionImpl.setNetworkTimeout(ConnectionImpl.java:2453) ~[mysql-connector-j-8.0.33.jar:8.0.33]
	... 116 common frames omitted

2025-08-01T09:06:01.459+03:00 ERROR 19631 --- [http-nio-8080-exec-6] c.b.s.security.jwt.AuthEntryPointJwt     : Unauthorized error: Full authentication is required to access this resource
2025-08-01T09:06:01.459+03:00 ERROR 19631 --- [http-nio-8080-exec-1] c.b.s.security.jwt.AuthEntryPointJwt     : Unauthorized error: Full authentication is required to access this resource
2025-08-01T09:06:12.727+03:00  WARN 19631 --- [HikariPool-1 housekeeper] com.zaxxer.hikari.pool.HikariPool        : HikariPool-1 - Thread starvation or clock leap detected (housekeeper delta=2m58s249ms).
2025-08-01T09:13:01.393+03:00  WARN 19631 --- [HikariPool-1 housekeeper] com.zaxxer.hikari.pool.HikariPool        : HikariPool-1 - Thread starvation or clock leap detected (housekeeper delta=6m48s664ms).
2025-08-01T09:19:54.469+03:00  WARN 19631 --- [http-nio-8080-exec-7] com.zaxxer.hikari.pool.PoolBase          : HikariPool-1 - Failed to validate connection com.mysql.cj.jdbc.ConnectionImpl@2ab2a973 (No operations allowed after connection closed.). Possibly consider using a shorter maxLifetime value.
2025-08-01T09:19:54.469+03:00  WARN 19631 --- [http-nio-8080-exec-2] com.zaxxer.hikari.pool.PoolBase          : HikariPool-1 - Failed to validate connection com.mysql.cj.jdbc.ConnectionImpl@463f99ff (No operations allowed after connection closed.). Possibly consider using a shorter maxLifetime value.
2025-08-01T09:21:22.111+03:00  WARN 19631 --- [HikariPool-1 housekeeper] com.zaxxer.hikari.pool.HikariPool        : HikariPool-1 - Thread starvation or clock leap detected (housekeeper delta=1m50s648ms).
2025-08-01T09:27:45.897+03:00  WARN 19631 --- [HikariPool-1 housekeeper] com.zaxxer.hikari.pool.HikariPool        : HikariPool-1 - Thread starvation or clock leap detected (housekeeper delta=6m23s784ms).
2025-08-01T09:35:08.172+03:00  WARN 19631 --- [http-nio-8080-exec-5] com.zaxxer.hikari.pool.PoolBase          : HikariPool-1 - Failed to validate connection com.mysql.cj.jdbc.ConnectionImpl@1a0ad4b5 (No operations allowed after connection closed.). Possibly consider using a shorter maxLifetime value.
2025-08-01T09:35:08.172+03:00  WARN 19631 --- [http-nio-8080-exec-9] com.zaxxer.hikari.pool.PoolBase          : HikariPool-1 - Failed to validate connection com.mysql.cj.jdbc.ConnectionImpl@6404396f (No operations allowed after connection closed.). Possibly consider using a shorter maxLifetime value.
2025-08-01T09:51:08.533+03:00  WARN 19631 --- [http-nio-8080-exec-5] com.zaxxer.hikari.pool.PoolBase          : HikariPool-1 - Failed to validate connection com.mysql.cj.jdbc.ConnectionImpl@5c4afb1e (No operations allowed after connection closed.). Possibly consider using a shorter maxLifetime value.
2025-08-01T09:51:08.534+03:00  WARN 19631 --- [http-nio-8080-exec-9] com.zaxxer.hikari.pool.PoolBase          : HikariPool-1 - Failed to validate connection com.mysql.cj.jdbc.ConnectionImpl@47a305ce (No operations allowed after connection closed.). Possibly consider using a shorter maxLifetime value.
2025-08-01T09:51:08.537+03:00  WARN 19631 --- [http-nio-8080-exec-5] o.h.engine.jdbc.spi.SqlExceptionHelper   : SQL Error: 0, SQLState: 08003
2025-08-01T09:51:08.537+03:00  WARN 19631 --- [http-nio-8080-exec-9] o.h.engine.jdbc.spi.SqlExceptionHelper   : SQL Error: 0, SQLState: 08003
2025-08-01T09:51:08.538+03:00 ERROR 19631 --- [http-nio-8080-exec-5] o.h.engine.jdbc.spi.SqlExceptionHelper   : HikariPool-1 - Connection is not available, request timed out after 965395ms.
2025-08-01T09:51:08.538+03:00 ERROR 19631 --- [http-nio-8080-exec-9] o.h.engine.jdbc.spi.SqlExceptionHelper   : HikariPool-1 - Connection is not available, request timed out after 965396ms.
2025-08-01T09:51:08.538+03:00 ERROR 19631 --- [http-nio-8080-exec-5] o.h.engine.jdbc.spi.SqlExceptionHelper   : No operations allowed after connection closed.
2025-08-01T09:51:08.538+03:00 ERROR 19631 --- [http-nio-8080-exec-9] o.h.engine.jdbc.spi.SqlExceptionHelper   : No operations allowed after connection closed.
2025-08-01T09:51:08.543+03:00 ERROR 19631 --- [http-nio-8080-exec-9] c.b.s.security.jwt.AuthTokenFilter       : Cannot set user authentication: {}

org.springframework.dao.DataAccessResourceFailureException: Unable to acquire JDBC Connection [HikariPool-1 - Connection is not available, request timed out after 965396ms.] [n/a]
	at org.springframework.orm.jpa.vendor.HibernateJpaDialect.convertHibernateAccessException(HibernateJpaDialect.java:253) ~[spring-orm-6.0.9.jar:6.0.9]
	at org.springframework.orm.jpa.vendor.HibernateJpaDialect.translateExceptionIfPossible(HibernateJpaDialect.java:229) ~[spring-orm-6.0.9.jar:6.0.9]
	at org.springframework.orm.jpa.AbstractEntityManagerFactoryBean.translateExceptionIfPossible(AbstractEntityManagerFactoryBean.java:550) ~[spring-orm-6.0.9.jar:6.0.9]
	at org.springframework.dao.support.ChainedPersistenceExceptionTranslator.translateExceptionIfPossible(ChainedPersistenceExceptionTranslator.java:61) ~[spring-tx-6.0.9.jar:6.0.9]
	at org.springframework.dao.support.DataAccessUtils.translateIfNecessary(DataAccessUtils.java:242) ~[spring-tx-6.0.9.jar:6.0.9]
	at org.springframework.dao.support.PersistenceExceptionTranslationInterceptor.invoke(PersistenceExceptionTranslationInterceptor.java:152) ~[spring-tx-6.0.9.jar:6.0.9]
	at org.springframework.aop.framework.ReflectiveMethodInvocation.proceed(ReflectiveMethodInvocation.java:184) ~[spring-aop-6.0.9.jar:6.0.9]
	at org.springframework.data.jpa.repository.support.CrudMethodMetadataPostProcessor$CrudMethodMetadataPopulatingMethodInterceptor.invoke(CrudMethodMetadataPostProcessor.java:134) ~[spring-data-jpa-3.1.0.jar:3.1.0]
	at org.springframework.aop.framework.ReflectiveMethodInvocation.proceed(ReflectiveMethodInvocation.java:184) ~[spring-aop-6.0.9.jar:6.0.9]
	at org.springframework.aop.interceptor.ExposeInvocationInterceptor.invoke(ExposeInvocationInterceptor.java:97) ~[spring-aop-6.0.9.jar:6.0.9]
	at org.springframework.aop.framework.ReflectiveMethodInvocation.proceed(ReflectiveMethodInvocation.java:184) ~[spring-aop-6.0.9.jar:6.0.9]
	at org.springframework.aop.framework.JdkDynamicAopProxy.invoke(JdkDynamicAopProxy.java:223) ~[spring-aop-6.0.9.jar:6.0.9]
	at jdk.proxy2/jdk.proxy2.$Proxy133.existsByUsername(Unknown Source) ~[na:na]
	at com.bezkoder.springjwt.security.services.UserDetailsServiceImpl.loadUserByUsername(UserDetailsServiceImpl.java:29) ~[classes/:na]
	at com.bezkoder.springjwt.security.jwt.AuthTokenFilter.doFilterInternal(AuthTokenFilter.java:39) ~[classes/:na]
	at org.springframework.web.filter.OncePerRequestFilter.doFilter(OncePerRequestFilter.java:116) ~[spring-web-6.0.9.jar:6.0.9]
	at org.springframework.security.web.FilterChainProxy$VirtualFilterChain.doFilter(FilterChainProxy.java:374) ~[spring-security-web-6.1.0.jar:6.1.0]
	at org.springframework.security.web.authentication.logout.LogoutFilter.doFilter(LogoutFilter.java:107) ~[spring-security-web-6.1.0.jar:6.1.0]
	at org.springframework.security.web.authentication.logout.LogoutFilter.doFilter(LogoutFilter.java:93) ~[spring-security-web-6.1.0.jar:6.1.0]
	at org.springframework.security.web.FilterChainProxy$VirtualFilterChain.doFilter(FilterChainProxy.java:374) ~[spring-security-web-6.1.0.jar:6.1.0]
	at org.springframework.web.filter.CorsFilter.doFilterInternal(CorsFilter.java:91) ~[spring-web-6.0.9.jar:6.0.9]
	at org.springframework.web.filter.OncePerRequestFilter.doFilter(OncePerRequestFilter.java:116) ~[spring-web-6.0.9.jar:6.0.9]
	at org.springframework.security.web.FilterChainProxy$VirtualFilterChain.doFilter(FilterChainProxy.java:374) ~[spring-security-web-6.1.0.jar:6.1.0]
	at org.springframework.security.web.header.HeaderWriterFilter.doHeadersAfter(HeaderWriterFilter.java:90) ~[spring-security-web-6.1.0.jar:6.1.0]
	at org.springframework.security.web.header.HeaderWriterFilter.doFilterInternal(HeaderWriterFilter.java:75) ~[spring-security-web-6.1.0.jar:6.1.0]
	at org.springframework.web.filter.OncePerRequestFilter.doFilter(OncePerRequestFilter.java:116) ~[spring-web-6.0.9.jar:6.0.9]
	at org.springframework.security.web.FilterChainProxy$VirtualFilterChain.doFilter(FilterChainProxy.java:374) ~[spring-security-web-6.1.0.jar:6.1.0]
	at org.springframework.security.web.context.SecurityContextHolderFilter.doFilter(SecurityContextHolderFilter.java:82) ~[spring-security-web-6.1.0.jar:6.1.0]
	at org.springframework.security.web.context.SecurityContextHolderFilter.doFilter(SecurityContextHolderFilter.java:69) ~[spring-security-web-6.1.0.jar:6.1.0]
	at org.springframework.security.web.FilterChainProxy$VirtualFilterChain.doFilter(FilterChainProxy.java:374) ~[spring-security-web-6.1.0.jar:6.1.0]
	at org.springframework.security.web.context.request.async.WebAsyncManagerIntegrationFilter.doFilterInternal(WebAsyncManagerIntegrationFilter.java:62) ~[spring-security-web-6.1.0.jar:6.1.0]
	at org.springframework.web.filter.OncePerRequestFilter.doFilter(OncePerRequestFilter.java:116) ~[spring-web-6.0.9.jar:6.0.9]
	at org.springframework.security.web.FilterChainProxy$VirtualFilterChain.doFilter(FilterChainProxy.java:374) ~[spring-security-web-6.1.0.jar:6.1.0]
	at org.springframework.security.web.session.DisableEncodeUrlFilter.doFilterInternal(DisableEncodeUrlFilter.java:42) ~[spring-security-web-6.1.0.jar:6.1.0]
	at org.springframework.web.filter.OncePerRequestFilter.doFilter(OncePerRequestFilter.java:116) ~[spring-web-6.0.9.jar:6.0.9]
	at org.springframework.security.web.FilterChainProxy$VirtualFilterChain.doFilter(FilterChainProxy.java:374) ~[spring-security-web-6.1.0.jar:6.1.0]
	at org.springframework.security.web.FilterChainProxy.doFilterInternal(FilterChainProxy.java:233) ~[spring-security-web-6.1.0.jar:6.1.0]
	at org.springframework.security.web.FilterChainProxy.doFilter(FilterChainProxy.java:191) ~[spring-security-web-6.1.0.jar:6.1.0]
	at org.springframework.web.filter.DelegatingFilterProxy.invokeDelegate(DelegatingFilterProxy.java:352) ~[spring-web-6.0.9.jar:6.0.9]
	at org.springframework.web.filter.DelegatingFilterProxy.doFilter(DelegatingFilterProxy.java:268) ~[spring-web-6.0.9.jar:6.0.9]
	at org.apache.catalina.core.ApplicationFilterChain.internalDoFilter(ApplicationFilterChain.java:174) ~[tomcat-embed-core-10.1.8.jar:10.1.8]
	at org.apache.catalina.core.ApplicationFilterChain.doFilter(ApplicationFilterChain.java:149) ~[tomcat-embed-core-10.1.8.jar:10.1.8]
	at org.springframework.web.filter.RequestContextFilter.doFilterInternal(RequestContextFilter.java:100) ~[spring-web-6.0.9.jar:6.0.9]
	at org.springframework.web.filter.OncePerRequestFilter.doFilter(OncePerRequestFilter.java:116) ~[spring-web-6.0.9.jar:6.0.9]
	at org.apache.catalina.core.ApplicationFilterChain.internalDoFilter(ApplicationFilterChain.java:174) ~[tomcat-embed-core-10.1.8.jar:10.1.8]
	at org.apache.catalina.core.ApplicationFilterChain.doFilter(ApplicationFilterChain.java:149) ~[tomcat-embed-core-10.1.8.jar:10.1.8]
	at org.springframework.web.filter.FormContentFilter.doFilterInternal(FormContentFilter.java:93) ~[spring-web-6.0.9.jar:6.0.9]
	at org.springframework.web.filter.OncePerRequestFilter.doFilter(OncePerRequestFilter.java:116) ~[spring-web-6.0.9.jar:6.0.9]
	at org.apache.catalina.core.ApplicationFilterChain.internalDoFilter(ApplicationFilterChain.java:174) ~[tomcat-embed-core-10.1.8.jar:10.1.8]
	at org.apache.catalina.core.ApplicationFilterChain.doFilter(ApplicationFilterChain.java:149) ~[tomcat-embed-core-10.1.8.jar:10.1.8]
	at org.springframework.web.filter.CharacterEncodingFilter.doFilterInternal(CharacterEncodingFilter.java:201) ~[spring-web-6.0.9.jar:6.0.9]
	at org.springframework.web.filter.OncePerRequestFilter.doFilter(OncePerRequestFilter.java:116) ~[spring-web-6.0.9.jar:6.0.9]
	at org.apache.catalina.core.ApplicationFilterChain.internalDoFilter(ApplicationFilterChain.java:174) ~[tomcat-embed-core-10.1.8.jar:10.1.8]
	at org.apache.catalina.core.ApplicationFilterChain.doFilter(ApplicationFilterChain.java:149) ~[tomcat-embed-core-10.1.8.jar:10.1.8]
	at org.apache.catalina.core.StandardWrapperValve.invoke(StandardWrapperValve.java:166) ~[tomcat-embed-core-10.1.8.jar:10.1.8]
	at org.apache.catalina.core.StandardContextValve.invoke(StandardContextValve.java:90) ~[tomcat-embed-core-10.1.8.jar:10.1.8]
	at org.apache.catalina.authenticator.AuthenticatorBase.invoke(AuthenticatorBase.java:482) ~[tomcat-embed-core-10.1.8.jar:10.1.8]
	at org.apache.catalina.core.StandardHostValve.invoke(StandardHostValve.java:115) ~[tomcat-embed-core-10.1.8.jar:10.1.8]
	at org.apache.catalina.valves.ErrorReportValve.invoke(ErrorReportValve.java:93) ~[tomcat-embed-core-10.1.8.jar:10.1.8]
	at org.apache.catalina.core.StandardEngineValve.invoke(StandardEngineValve.java:74) ~[tomcat-embed-core-10.1.8.jar:10.1.8]
	at org.apache.catalina.connector.CoyoteAdapter.service(CoyoteAdapter.java:341) ~[tomcat-embed-core-10.1.8.jar:10.1.8]
	at org.apache.coyote.http11.Http11Processor.service(Http11Processor.java:390) ~[tomcat-embed-core-10.1.8.jar:10.1.8]
	at org.apache.coyote.AbstractProcessorLight.process(AbstractProcessorLight.java:63) ~[tomcat-embed-core-10.1.8.jar:10.1.8]
	at org.apache.coyote.AbstractProtocol$ConnectionHandler.process(AbstractProtocol.java:894) ~[tomcat-embed-core-10.1.8.jar:10.1.8]
	at org.apache.tomcat.util.net.NioEndpoint$SocketProcessor.doRun(NioEndpoint.java:1741) ~[tomcat-embed-core-10.1.8.jar:10.1.8]
	at org.apache.tomcat.util.net.SocketProcessorBase.run(SocketProcessorBase.java:52) ~[tomcat-embed-core-10.1.8.jar:10.1.8]
	at org.apache.tomcat.util.threads.ThreadPoolExecutor.runWorker(ThreadPoolExecutor.java:1191) ~[tomcat-embed-core-10.1.8.jar:10.1.8]
	at org.apache.tomcat.util.threads.ThreadPoolExecutor$Worker.run(ThreadPoolExecutor.java:659) ~[tomcat-embed-core-10.1.8.jar:10.1.8]
	at org.apache.tomcat.util.threads.TaskThread$WrappingRunnable.run(TaskThread.java:61) ~[tomcat-embed-core-10.1.8.jar:10.1.8]
	at java.base/java.lang.Thread.run(Thread.java:1575) ~[na:na]
Caused by: org.hibernate.exception.JDBCConnectionException: Unable to acquire JDBC Connection [HikariPool-1 - Connection is not available, request timed out after 965396ms.] [n/a]
	at org.hibernate.exception.internal.SQLExceptionTypeDelegate.convert(SQLExceptionTypeDelegate.java:49) ~[hibernate-core-6.2.2.Final.jar:6.2.2.Final]
	at org.hibernate.exception.internal.StandardSQLExceptionConverter.convert(StandardSQLExceptionConverter.java:56) ~[hibernate-core-6.2.2.Final.jar:6.2.2.Final]
	at org.hibernate.engine.jdbc.spi.SqlExceptionHelper.convert(SqlExceptionHelper.java:108) ~[hibernate-core-6.2.2.Final.jar:6.2.2.Final]
	at org.hibernate.engine.jdbc.spi.SqlExceptionHelper.convert(SqlExceptionHelper.java:94) ~[hibernate-core-6.2.2.Final.jar:6.2.2.Final]
	at org.hibernate.resource.jdbc.internal.LogicalConnectionManagedImpl.acquireConnectionIfNeeded(LogicalConnectionManagedImpl.java:116) ~[hibernate-core-6.2.2.Final.jar:6.2.2.Final]
	at org.hibernate.resource.jdbc.internal.LogicalConnectionManagedImpl.getPhysicalConnection(LogicalConnectionManagedImpl.java:143) ~[hibernate-core-6.2.2.Final.jar:6.2.2.Final]
	at org.hibernate.engine.jdbc.internal.StatementPreparerImpl.connection(StatementPreparerImpl.java:51) ~[hibernate-core-6.2.2.Final.jar:6.2.2.Final]
	at org.hibernate.engine.jdbc.internal.StatementPreparerImpl$1.doPrepare(StatementPreparerImpl.java:91) ~[hibernate-core-6.2.2.Final.jar:6.2.2.Final]
	at org.hibernate.engine.jdbc.internal.StatementPreparerImpl$StatementPreparationTemplate.prepareStatement(StatementPreparerImpl.java:177) ~[hibernate-core-6.2.2.Final.jar:6.2.2.Final]
	at org.hibernate.engine.jdbc.internal.StatementPreparerImpl.prepareStatement(StatementPreparerImpl.java:76) ~[hibernate-core-6.2.2.Final.jar:6.2.2.Final]
	at org.hibernate.sql.exec.internal.JdbcSelectExecutorStandardImpl.lambda$list$0(JdbcSelectExecutorStandardImpl.java:102) ~[hibernate-core-6.2.2.Final.jar:6.2.2.Final]
	at org.hibernate.sql.results.jdbc.internal.DeferredResultSetAccess.executeQuery(DeferredResultSetAccess.java:226) ~[hibernate-core-6.2.2.Final.jar:6.2.2.Final]
	at org.hibernate.sql.results.jdbc.internal.DeferredResultSetAccess.getResultSet(DeferredResultSetAccess.java:163) ~[hibernate-core-6.2.2.Final.jar:6.2.2.Final]
	at org.hibernate.sql.results.jdbc.internal.JdbcValuesResultSetImpl.advanceNext(JdbcValuesResultSetImpl.java:204) ~[hibernate-core-6.2.2.Final.jar:6.2.2.Final]
	at org.hibernate.sql.results.jdbc.internal.JdbcValuesResultSetImpl.processNext(JdbcValuesResultSetImpl.java:84) ~[hibernate-core-6.2.2.Final.jar:6.2.2.Final]
	at org.hibernate.sql.results.jdbc.internal.AbstractJdbcValues.next(AbstractJdbcValues.java:29) ~[hibernate-core-6.2.2.Final.jar:6.2.2.Final]
	at org.hibernate.sql.results.internal.RowProcessingStateStandardImpl.next(RowProcessingStateStandardImpl.java:65) ~[hibernate-core-6.2.2.Final.jar:6.2.2.Final]
	at org.hibernate.sql.results.spi.ListResultsConsumer.consume(ListResultsConsumer.java:198) ~[hibernate-core-6.2.2.Final.jar:6.2.2.Final]
	at org.hibernate.sql.results.spi.ListResultsConsumer.consume(ListResultsConsumer.java:33) ~[hibernate-core-6.2.2.Final.jar:6.2.2.Final]
	at org.hibernate.sql.exec.internal.JdbcSelectExecutorStandardImpl.doExecuteQuery(JdbcSelectExecutorStandardImpl.java:362) ~[hibernate-core-6.2.2.Final.jar:6.2.2.Final]
	at org.hibernate.sql.exec.internal.JdbcSelectExecutorStandardImpl.executeQuery(JdbcSelectExecutorStandardImpl.java:168) ~[hibernate-core-6.2.2.Final.jar:6.2.2.Final]
	at org.hibernate.sql.exec.internal.JdbcSelectExecutorStandardImpl.list(JdbcSelectExecutorStandardImpl.java:93) ~[hibernate-core-6.2.2.Final.jar:6.2.2.Final]
	at org.hibernate.sql.exec.spi.JdbcSelectExecutor.list(JdbcSelectExecutor.java:31) ~[hibernate-core-6.2.2.Final.jar:6.2.2.Final]
	at org.hibernate.query.sqm.internal.ConcreteSqmSelectQueryPlan.lambda$new$0(ConcreteSqmSelectQueryPlan.java:109) ~[hibernate-core-6.2.2.Final.jar:6.2.2.Final]
	at org.hibernate.query.sqm.internal.ConcreteSqmSelectQueryPlan.withCacheableSqmInterpretation(ConcreteSqmSelectQueryPlan.java:302) ~[hibernate-core-6.2.2.Final.jar:6.2.2.Final]
	at org.hibernate.query.sqm.internal.ConcreteSqmSelectQueryPlan.performList(ConcreteSqmSelectQueryPlan.java:243) ~[hibernate-core-6.2.2.Final.jar:6.2.2.Final]
	at org.hibernate.query.sqm.internal.QuerySqmImpl.doList(QuerySqmImpl.java:518) ~[hibernate-core-6.2.2.Final.jar:6.2.2.Final]
	at org.hibernate.query.spi.AbstractSelectionQuery.list(AbstractSelectionQuery.java:367) ~[hibernate-core-6.2.2.Final.jar:6.2.2.Final]
	at org.hibernate.query.Query.getResultList(Query.java:119) ~[hibernate-core-6.2.2.Final.jar:6.2.2.Final]
	at java.base/jdk.internal.reflect.DirectMethodHandleAccessor.invoke(DirectMethodHandleAccessor.java:103) ~[na:na]
	at java.base/java.lang.reflect.Method.invoke(Method.java:580) ~[na:na]
	at org.springframework.orm.jpa.SharedEntityManagerCreator$DeferredQueryInvocationHandler.invoke(SharedEntityManagerCreator.java:405) ~[spring-orm-6.0.9.jar:6.0.9]
	at jdk.proxy2/jdk.proxy2.$Proxy163.getResultList(Unknown Source) ~[na:na]
	at org.springframework.data.jpa.repository.query.JpaQueryExecution$ExistsExecution.doExecute(JpaQueryExecution.java:315) ~[spring-data-jpa-3.1.0.jar:3.1.0]
	at org.springframework.data.jpa.repository.query.JpaQueryExecution.execute(JpaQueryExecution.java:92) ~[spring-data-jpa-3.1.0.jar:3.1.0]
	at org.springframework.data.jpa.repository.query.AbstractJpaQuery.doExecute(AbstractJpaQuery.java:148) ~[spring-data-jpa-3.1.0.jar:3.1.0]
	at org.springframework.data.jpa.repository.query.AbstractJpaQuery.execute(AbstractJpaQuery.java:136) ~[spring-data-jpa-3.1.0.jar:3.1.0]
	at org.springframework.data.repository.core.support.RepositoryMethodInvoker.doInvoke(RepositoryMethodInvoker.java:136) ~[spring-data-commons-3.1.0.jar:3.1.0]
	at org.springframework.data.repository.core.support.RepositoryMethodInvoker.invoke(RepositoryMethodInvoker.java:120) ~[spring-data-commons-3.1.0.jar:3.1.0]
	at org.springframework.data.repository.core.support.QueryExecutorMethodInterceptor.doInvoke(QueryExecutorMethodInterceptor.java:164) ~[spring-data-commons-3.1.0.jar:3.1.0]
	at org.springframework.data.repository.core.support.QueryExecutorMethodInterceptor.invoke(QueryExecutorMethodInterceptor.java:143) ~[spring-data-commons-3.1.0.jar:3.1.0]
	at org.springframework.aop.framework.ReflectiveMethodInvocation.proceed(ReflectiveMethodInvocation.java:184) ~[spring-aop-6.0.9.jar:6.0.9]
	at org.springframework.data.projection.DefaultMethodInvokingMethodInterceptor.invoke(DefaultMethodInvokingMethodInterceptor.java:77) ~[spring-data-commons-3.1.0.jar:3.1.0]
	at org.springframework.aop.framework.ReflectiveMethodInvocation.proceed(ReflectiveMethodInvocation.java:184) ~[spring-aop-6.0.9.jar:6.0.9]
	at org.springframework.transaction.interceptor.TransactionInterceptor$1.proceedWithInvocation(TransactionInterceptor.java:123) ~[spring-tx-6.0.9.jar:6.0.9]
	at org.springframework.transaction.interceptor.TransactionAspectSupport.invokeWithinTransaction(TransactionAspectSupport.java:391) ~[spring-tx-6.0.9.jar:6.0.9]
	at org.springframework.transaction.interceptor.TransactionInterceptor.invoke(TransactionInterceptor.java:119) ~[spring-tx-6.0.9.jar:6.0.9]
	at org.springframework.aop.framework.ReflectiveMethodInvocation.proceed(ReflectiveMethodInvocation.java:184) ~[spring-aop-6.0.9.jar:6.0.9]
	at org.springframework.dao.support.PersistenceExceptionTranslationInterceptor.invoke(PersistenceExceptionTranslationInterceptor.java:137) ~[spring-tx-6.0.9.jar:6.0.9]
	... 64 common frames omitted
Caused by: java.sql.SQLTransientConnectionException: HikariPool-1 - Connection is not available, request timed out after 965396ms.
	at com.zaxxer.hikari.pool.HikariPool.createTimeoutException(HikariPool.java:696) ~[HikariCP-5.0.1.jar:na]
	at com.zaxxer.hikari.pool.HikariPool.getConnection(HikariPool.java:181) ~[HikariCP-5.0.1.jar:na]
	at com.zaxxer.hikari.pool.HikariPool.getConnection(HikariPool.java:146) ~[HikariCP-5.0.1.jar:na]
	at com.zaxxer.hikari.HikariDataSource.getConnection(HikariDataSource.java:128) ~[HikariCP-5.0.1.jar:na]
	at org.hibernate.engine.jdbc.connections.internal.DatasourceConnectionProviderImpl.getConnection(DatasourceConnectionProviderImpl.java:122) ~[hibernate-core-6.2.2.Final.jar:6.2.2.Final]
	at org.hibernate.internal.NonContextualJdbcConnectionAccess.obtainConnection(NonContextualJdbcConnectionAccess.java:38) ~[hibernate-core-6.2.2.Final.jar:6.2.2.Final]
	at org.hibernate.resource.jdbc.internal.LogicalConnectionManagedImpl.acquireConnectionIfNeeded(LogicalConnectionManagedImpl.java:113) ~[hibernate-core-6.2.2.Final.jar:6.2.2.Final]
	... 108 common frames omitted
Caused by: java.sql.SQLNonTransientConnectionException: No operations allowed after connection closed.
	at com.mysql.cj.jdbc.exceptions.SQLError.createSQLException(SQLError.java:111) ~[mysql-connector-j-8.0.33.jar:8.0.33]
	at com.mysql.cj.jdbc.exceptions.SQLError.createSQLException(SQLError.java:98) ~[mysql-connector-j-8.0.33.jar:8.0.33]
	at com.mysql.cj.jdbc.exceptions.SQLError.createSQLException(SQLError.java:90) ~[mysql-connector-j-8.0.33.jar:8.0.33]
	at com.mysql.cj.jdbc.exceptions.SQLError.createSQLException(SQLError.java:64) ~[mysql-connector-j-8.0.33.jar:8.0.33]
	at com.mysql.cj.jdbc.exceptions.SQLError.createSQLException(SQLError.java:74) ~[mysql-connector-j-8.0.33.jar:8.0.33]
	at com.mysql.cj.jdbc.exceptions.SQLExceptionsMapping.translateException(SQLExceptionsMapping.java:73) ~[mysql-connector-j-8.0.33.jar:8.0.33]
	at com.mysql.cj.jdbc.ConnectionImpl.setNetworkTimeout(ConnectionImpl.java:2457) ~[mysql-connector-j-8.0.33.jar:8.0.33]
	at com.zaxxer.hikari.pool.PoolBase.setNetworkTimeout(PoolBase.java:561) ~[HikariCP-5.0.1.jar:na]
	at com.zaxxer.hikari.pool.PoolBase.isConnectionDead(PoolBase.java:168) ~[HikariCP-5.0.1.jar:na]
	at com.zaxxer.hikari.pool.HikariPool.getConnection(HikariPool.java:170) ~[HikariCP-5.0.1.jar:na]
	... 113 common frames omitted
Caused by: com.mysql.cj.exceptions.ConnectionIsClosedException: No operations allowed after connection closed.
	at java.base/jdk.internal.reflect.DirectConstructorHandleAccessor.newInstance(DirectConstructorHandleAccessor.java:62) ~[na:na]
	at java.base/java.lang.reflect.Constructor.newInstanceWithCaller(Constructor.java:501) ~[na:na]
	at java.base/java.lang.reflect.Constructor.newInstance(Constructor.java:485) ~[na:na]
	at com.mysql.cj.exceptions.ExceptionFactory.createException(ExceptionFactory.java:62) ~[mysql-connector-j-8.0.33.jar:8.0.33]
	at com.mysql.cj.exceptions.ExceptionFactory.createException(ExceptionFactory.java:105) ~[mysql-connector-j-8.0.33.jar:8.0.33]
	at com.mysql.cj.exceptions.ExceptionFactory.createException(ExceptionFactory.java:150) ~[mysql-connector-j-8.0.33.jar:8.0.33]
	at com.mysql.cj.NativeSession.checkClosed(NativeSession.java:753) ~[mysql-connector-j-8.0.33.jar:8.0.33]
	at com.mysql.cj.jdbc.ConnectionImpl.checkClosed(ConnectionImpl.java:565) ~[mysql-connector-j-8.0.33.jar:8.0.33]
	at com.mysql.cj.jdbc.ConnectionImpl.setNetworkTimeout(ConnectionImpl.java:2453) ~[mysql-connector-j-8.0.33.jar:8.0.33]
	... 116 common frames omitted

2025-08-01T09:51:08.543+03:00 ERROR 19631 --- [http-nio-8080-exec-5] c.b.s.security.jwt.AuthTokenFilter       : Cannot set user authentication: {}

org.springframework.dao.DataAccessResourceFailureException: Unable to acquire JDBC Connection [HikariPool-1 - Connection is not available, request timed out after 965395ms.] [n/a]
	at org.springframework.orm.jpa.vendor.HibernateJpaDialect.convertHibernateAccessException(HibernateJpaDialect.java:253) ~[spring-orm-6.0.9.jar:6.0.9]
	at org.springframework.orm.jpa.vendor.HibernateJpaDialect.translateExceptionIfPossible(HibernateJpaDialect.java:229) ~[spring-orm-6.0.9.jar:6.0.9]
	at org.springframework.orm.jpa.AbstractEntityManagerFactoryBean.translateExceptionIfPossible(AbstractEntityManagerFactoryBean.java:550) ~[spring-orm-6.0.9.jar:6.0.9]
	at org.springframework.dao.support.ChainedPersistenceExceptionTranslator.translateExceptionIfPossible(ChainedPersistenceExceptionTranslator.java:61) ~[spring-tx-6.0.9.jar:6.0.9]
	at org.springframework.dao.support.DataAccessUtils.translateIfNecessary(DataAccessUtils.java:242) ~[spring-tx-6.0.9.jar:6.0.9]
	at org.springframework.dao.support.PersistenceExceptionTranslationInterceptor.invoke(PersistenceExceptionTranslationInterceptor.java:152) ~[spring-tx-6.0.9.jar:6.0.9]
	at org.springframework.aop.framework.ReflectiveMethodInvocation.proceed(ReflectiveMethodInvocation.java:184) ~[spring-aop-6.0.9.jar:6.0.9]
	at org.springframework.data.jpa.repository.support.CrudMethodMetadataPostProcessor$CrudMethodMetadataPopulatingMethodInterceptor.invoke(CrudMethodMetadataPostProcessor.java:134) ~[spring-data-jpa-3.1.0.jar:3.1.0]
	at org.springframework.aop.framework.ReflectiveMethodInvocation.proceed(ReflectiveMethodInvocation.java:184) ~[spring-aop-6.0.9.jar:6.0.9]
	at org.springframework.aop.interceptor.ExposeInvocationInterceptor.invoke(ExposeInvocationInterceptor.java:97) ~[spring-aop-6.0.9.jar:6.0.9]
	at org.springframework.aop.framework.ReflectiveMethodInvocation.proceed(ReflectiveMethodInvocation.java:184) ~[spring-aop-6.0.9.jar:6.0.9]
	at org.springframework.aop.framework.JdkDynamicAopProxy.invoke(JdkDynamicAopProxy.java:223) ~[spring-aop-6.0.9.jar:6.0.9]
	at jdk.proxy2/jdk.proxy2.$Proxy133.existsByUsername(Unknown Source) ~[na:na]
	at com.bezkoder.springjwt.security.services.UserDetailsServiceImpl.loadUserByUsername(UserDetailsServiceImpl.java:29) ~[classes/:na]
	at com.bezkoder.springjwt.security.jwt.AuthTokenFilter.doFilterInternal(AuthTokenFilter.java:39) ~[classes/:na]
	at org.springframework.web.filter.OncePerRequestFilter.doFilter(OncePerRequestFilter.java:116) ~[spring-web-6.0.9.jar:6.0.9]
	at org.springframework.security.web.FilterChainProxy$VirtualFilterChain.doFilter(FilterChainProxy.java:374) ~[spring-security-web-6.1.0.jar:6.1.0]
	at org.springframework.security.web.authentication.logout.LogoutFilter.doFilter(LogoutFilter.java:107) ~[spring-security-web-6.1.0.jar:6.1.0]
	at org.springframework.security.web.authentication.logout.LogoutFilter.doFilter(LogoutFilter.java:93) ~[spring-security-web-6.1.0.jar:6.1.0]
	at org.springframework.security.web.FilterChainProxy$VirtualFilterChain.doFilter(FilterChainProxy.java:374) ~[spring-security-web-6.1.0.jar:6.1.0]
	at org.springframework.web.filter.CorsFilter.doFilterInternal(CorsFilter.java:91) ~[spring-web-6.0.9.jar:6.0.9]
	at org.springframework.web.filter.OncePerRequestFilter.doFilter(OncePerRequestFilter.java:116) ~[spring-web-6.0.9.jar:6.0.9]
	at org.springframework.security.web.FilterChainProxy$VirtualFilterChain.doFilter(FilterChainProxy.java:374) ~[spring-security-web-6.1.0.jar:6.1.0]
	at org.springframework.security.web.header.HeaderWriterFilter.doHeadersAfter(HeaderWriterFilter.java:90) ~[spring-security-web-6.1.0.jar:6.1.0]
	at org.springframework.security.web.header.HeaderWriterFilter.doFilterInternal(HeaderWriterFilter.java:75) ~[spring-security-web-6.1.0.jar:6.1.0]
	at org.springframework.web.filter.OncePerRequestFilter.doFilter(OncePerRequestFilter.java:116) ~[spring-web-6.0.9.jar:6.0.9]
	at org.springframework.security.web.FilterChainProxy$VirtualFilterChain.doFilter(FilterChainProxy.java:374) ~[spring-security-web-6.1.0.jar:6.1.0]
	at org.springframework.security.web.context.SecurityContextHolderFilter.doFilter(SecurityContextHolderFilter.java:82) ~[spring-security-web-6.1.0.jar:6.1.0]
	at org.springframework.security.web.context.SecurityContextHolderFilter.doFilter(SecurityContextHolderFilter.java:69) ~[spring-security-web-6.1.0.jar:6.1.0]
	at org.springframework.security.web.FilterChainProxy$VirtualFilterChain.doFilter(FilterChainProxy.java:374) ~[spring-security-web-6.1.0.jar:6.1.0]
	at org.springframework.security.web.context.request.async.WebAsyncManagerIntegrationFilter.doFilterInternal(WebAsyncManagerIntegrationFilter.java:62) ~[spring-security-web-6.1.0.jar:6.1.0]
	at org.springframework.web.filter.OncePerRequestFilter.doFilter(OncePerRequestFilter.java:116) ~[spring-web-6.0.9.jar:6.0.9]
	at org.springframework.security.web.FilterChainProxy$VirtualFilterChain.doFilter(FilterChainProxy.java:374) ~[spring-security-web-6.1.0.jar:6.1.0]
	at org.springframework.security.web.session.DisableEncodeUrlFilter.doFilterInternal(DisableEncodeUrlFilter.java:42) ~[spring-security-web-6.1.0.jar:6.1.0]
	at org.springframework.web.filter.OncePerRequestFilter.doFilter(OncePerRequestFilter.java:116) ~[spring-web-6.0.9.jar:6.0.9]
	at org.springframework.security.web.FilterChainProxy$VirtualFilterChain.doFilter(FilterChainProxy.java:374) ~[spring-security-web-6.1.0.jar:6.1.0]
	at org.springframework.security.web.FilterChainProxy.doFilterInternal(FilterChainProxy.java:233) ~[spring-security-web-6.1.0.jar:6.1.0]
	at org.springframework.security.web.FilterChainProxy.doFilter(FilterChainProxy.java:191) ~[spring-security-web-6.1.0.jar:6.1.0]
	at org.springframework.web.filter.DelegatingFilterProxy.invokeDelegate(DelegatingFilterProxy.java:352) ~[spring-web-6.0.9.jar:6.0.9]
	at org.springframework.web.filter.DelegatingFilterProxy.doFilter(DelegatingFilterProxy.java:268) ~[spring-web-6.0.9.jar:6.0.9]
	at org.apache.catalina.core.ApplicationFilterChain.internalDoFilter(ApplicationFilterChain.java:174) ~[tomcat-embed-core-10.1.8.jar:10.1.8]
	at org.apache.catalina.core.ApplicationFilterChain.doFilter(ApplicationFilterChain.java:149) ~[tomcat-embed-core-10.1.8.jar:10.1.8]
	at org.springframework.web.filter.RequestContextFilter.doFilterInternal(RequestContextFilter.java:100) ~[spring-web-6.0.9.jar:6.0.9]
	at org.springframework.web.filter.OncePerRequestFilter.doFilter(OncePerRequestFilter.java:116) ~[spring-web-6.0.9.jar:6.0.9]
	at org.apache.catalina.core.ApplicationFilterChain.internalDoFilter(ApplicationFilterChain.java:174) ~[tomcat-embed-core-10.1.8.jar:10.1.8]
	at org.apache.catalina.core.ApplicationFilterChain.doFilter(ApplicationFilterChain.java:149) ~[tomcat-embed-core-10.1.8.jar:10.1.8]
	at org.springframework.web.filter.FormContentFilter.doFilterInternal(FormContentFilter.java:93) ~[spring-web-6.0.9.jar:6.0.9]
	at org.springframework.web.filter.OncePerRequestFilter.doFilter(OncePerRequestFilter.java:116) ~[spring-web-6.0.9.jar:6.0.9]
	at org.apache.catalina.core.ApplicationFilterChain.internalDoFilter(ApplicationFilterChain.java:174) ~[tomcat-embed-core-10.1.8.jar:10.1.8]
	at org.apache.catalina.core.ApplicationFilterChain.doFilter(ApplicationFilterChain.java:149) ~[tomcat-embed-core-10.1.8.jar:10.1.8]
	at org.springframework.web.filter.CharacterEncodingFilter.doFilterInternal(CharacterEncodingFilter.java:201) ~[spring-web-6.0.9.jar:6.0.9]
	at org.springframework.web.filter.OncePerRequestFilter.doFilter(OncePerRequestFilter.java:116) ~[spring-web-6.0.9.jar:6.0.9]
	at org.apache.catalina.core.ApplicationFilterChain.internalDoFilter(ApplicationFilterChain.java:174) ~[tomcat-embed-core-10.1.8.jar:10.1.8]
	at org.apache.catalina.core.ApplicationFilterChain.doFilter(ApplicationFilterChain.java:149) ~[tomcat-embed-core-10.1.8.jar:10.1.8]
	at org.apache.catalina.core.StandardWrapperValve.invoke(StandardWrapperValve.java:166) ~[tomcat-embed-core-10.1.8.jar:10.1.8]
	at org.apache.catalina.core.StandardContextValve.invoke(StandardContextValve.java:90) ~[tomcat-embed-core-10.1.8.jar:10.1.8]
	at org.apache.catalina.authenticator.AuthenticatorBase.invoke(AuthenticatorBase.java:482) ~[tomcat-embed-core-10.1.8.jar:10.1.8]
	at org.apache.catalina.core.StandardHostValve.invoke(StandardHostValve.java:115) ~[tomcat-embed-core-10.1.8.jar:10.1.8]
	at org.apache.catalina.valves.ErrorReportValve.invoke(ErrorReportValve.java:93) ~[tomcat-embed-core-10.1.8.jar:10.1.8]
	at org.apache.catalina.core.StandardEngineValve.invoke(StandardEngineValve.java:74) ~[tomcat-embed-core-10.1.8.jar:10.1.8]
	at org.apache.catalina.connector.CoyoteAdapter.service(CoyoteAdapter.java:341) ~[tomcat-embed-core-10.1.8.jar:10.1.8]
	at org.apache.coyote.http11.Http11Processor.service(Http11Processor.java:390) ~[tomcat-embed-core-10.1.8.jar:10.1.8]
	at org.apache.coyote.AbstractProcessorLight.process(AbstractProcessorLight.java:63) ~[tomcat-embed-core-10.1.8.jar:10.1.8]
	at org.apache.coyote.AbstractProtocol$ConnectionHandler.process(AbstractProtocol.java:894) ~[tomcat-embed-core-10.1.8.jar:10.1.8]
	at org.apache.tomcat.util.net.NioEndpoint$SocketProcessor.doRun(NioEndpoint.java:1741) ~[tomcat-embed-core-10.1.8.jar:10.1.8]
	at org.apache.tomcat.util.net.SocketProcessorBase.run(SocketProcessorBase.java:52) ~[tomcat-embed-core-10.1.8.jar:10.1.8]
	at org.apache.tomcat.util.threads.ThreadPoolExecutor.runWorker(ThreadPoolExecutor.java:1191) ~[tomcat-embed-core-10.1.8.jar:10.1.8]
	at org.apache.tomcat.util.threads.ThreadPoolExecutor$Worker.run(ThreadPoolExecutor.java:659) ~[tomcat-embed-core-10.1.8.jar:10.1.8]
	at org.apache.tomcat.util.threads.TaskThread$WrappingRunnable.run(TaskThread.java:61) ~[tomcat-embed-core-10.1.8.jar:10.1.8]
	at java.base/java.lang.Thread.run(Thread.java:1575) ~[na:na]
Caused by: org.hibernate.exception.JDBCConnectionException: Unable to acquire JDBC Connection [HikariPool-1 - Connection is not available, request timed out after 965395ms.] [n/a]
	at org.hibernate.exception.internal.SQLExceptionTypeDelegate.convert(SQLExceptionTypeDelegate.java:49) ~[hibernate-core-6.2.2.Final.jar:6.2.2.Final]
	at org.hibernate.exception.internal.StandardSQLExceptionConverter.convert(StandardSQLExceptionConverter.java:56) ~[hibernate-core-6.2.2.Final.jar:6.2.2.Final]
	at org.hibernate.engine.jdbc.spi.SqlExceptionHelper.convert(SqlExceptionHelper.java:108) ~[hibernate-core-6.2.2.Final.jar:6.2.2.Final]
	at org.hibernate.engine.jdbc.spi.SqlExceptionHelper.convert(SqlExceptionHelper.java:94) ~[hibernate-core-6.2.2.Final.jar:6.2.2.Final]
	at org.hibernate.resource.jdbc.internal.LogicalConnectionManagedImpl.acquireConnectionIfNeeded(LogicalConnectionManagedImpl.java:116) ~[hibernate-core-6.2.2.Final.jar:6.2.2.Final]
	at org.hibernate.resource.jdbc.internal.LogicalConnectionManagedImpl.getPhysicalConnection(LogicalConnectionManagedImpl.java:143) ~[hibernate-core-6.2.2.Final.jar:6.2.2.Final]
	at org.hibernate.engine.jdbc.internal.StatementPreparerImpl.connection(StatementPreparerImpl.java:51) ~[hibernate-core-6.2.2.Final.jar:6.2.2.Final]
	at org.hibernate.engine.jdbc.internal.StatementPreparerImpl$1.doPrepare(StatementPreparerImpl.java:91) ~[hibernate-core-6.2.2.Final.jar:6.2.2.Final]
	at org.hibernate.engine.jdbc.internal.StatementPreparerImpl$StatementPreparationTemplate.prepareStatement(StatementPreparerImpl.java:177) ~[hibernate-core-6.2.2.Final.jar:6.2.2.Final]
	at org.hibernate.engine.jdbc.internal.StatementPreparerImpl.prepareStatement(StatementPreparerImpl.java:76) ~[hibernate-core-6.2.2.Final.jar:6.2.2.Final]
	at org.hibernate.sql.exec.internal.JdbcSelectExecutorStandardImpl.lambda$list$0(JdbcSelectExecutorStandardImpl.java:102) ~[hibernate-core-6.2.2.Final.jar:6.2.2.Final]
	at org.hibernate.sql.results.jdbc.internal.DeferredResultSetAccess.executeQuery(DeferredResultSetAccess.java:226) ~[hibernate-core-6.2.2.Final.jar:6.2.2.Final]
	at org.hibernate.sql.results.jdbc.internal.DeferredResultSetAccess.getResultSet(DeferredResultSetAccess.java:163) ~[hibernate-core-6.2.2.Final.jar:6.2.2.Final]
	at org.hibernate.sql.results.jdbc.internal.JdbcValuesResultSetImpl.advanceNext(JdbcValuesResultSetImpl.java:204) ~[hibernate-core-6.2.2.Final.jar:6.2.2.Final]
	at org.hibernate.sql.results.jdbc.internal.JdbcValuesResultSetImpl.processNext(JdbcValuesResultSetImpl.java:84) ~[hibernate-core-6.2.2.Final.jar:6.2.2.Final]
	at org.hibernate.sql.results.jdbc.internal.AbstractJdbcValues.next(AbstractJdbcValues.java:29) ~[hibernate-core-6.2.2.Final.jar:6.2.2.Final]
	at org.hibernate.sql.results.internal.RowProcessingStateStandardImpl.next(RowProcessingStateStandardImpl.java:65) ~[hibernate-core-6.2.2.Final.jar:6.2.2.Final]
	at org.hibernate.sql.results.spi.ListResultsConsumer.consume(ListResultsConsumer.java:198) ~[hibernate-core-6.2.2.Final.jar:6.2.2.Final]
	at org.hibernate.sql.results.spi.ListResultsConsumer.consume(ListResultsConsumer.java:33) ~[hibernate-core-6.2.2.Final.jar:6.2.2.Final]
	at org.hibernate.sql.exec.internal.JdbcSelectExecutorStandardImpl.doExecuteQuery(JdbcSelectExecutorStandardImpl.java:362) ~[hibernate-core-6.2.2.Final.jar:6.2.2.Final]
	at org.hibernate.sql.exec.internal.JdbcSelectExecutorStandardImpl.executeQuery(JdbcSelectExecutorStandardImpl.java:168) ~[hibernate-core-6.2.2.Final.jar:6.2.2.Final]
	at org.hibernate.sql.exec.internal.JdbcSelectExecutorStandardImpl.list(JdbcSelectExecutorStandardImpl.java:93) ~[hibernate-core-6.2.2.Final.jar:6.2.2.Final]
	at org.hibernate.sql.exec.spi.JdbcSelectExecutor.list(JdbcSelectExecutor.java:31) ~[hibernate-core-6.2.2.Final.jar:6.2.2.Final]
	at org.hibernate.query.sqm.internal.ConcreteSqmSelectQueryPlan.lambda$new$0(ConcreteSqmSelectQueryPlan.java:109) ~[hibernate-core-6.2.2.Final.jar:6.2.2.Final]
	at org.hibernate.query.sqm.internal.ConcreteSqmSelectQueryPlan.withCacheableSqmInterpretation(ConcreteSqmSelectQueryPlan.java:302) ~[hibernate-core-6.2.2.Final.jar:6.2.2.Final]
	at org.hibernate.query.sqm.internal.ConcreteSqmSelectQueryPlan.performList(ConcreteSqmSelectQueryPlan.java:243) ~[hibernate-core-6.2.2.Final.jar:6.2.2.Final]
	at org.hibernate.query.sqm.internal.QuerySqmImpl.doList(QuerySqmImpl.java:518) ~[hibernate-core-6.2.2.Final.jar:6.2.2.Final]
	at org.hibernate.query.spi.AbstractSelectionQuery.list(AbstractSelectionQuery.java:367) ~[hibernate-core-6.2.2.Final.jar:6.2.2.Final]
	at org.hibernate.query.Query.getResultList(Query.java:119) ~[hibernate-core-6.2.2.Final.jar:6.2.2.Final]
	at java.base/jdk.internal.reflect.DirectMethodHandleAccessor.invoke(DirectMethodHandleAccessor.java:103) ~[na:na]
	at java.base/java.lang.reflect.Method.invoke(Method.java:580) ~[na:na]
	at org.springframework.orm.jpa.SharedEntityManagerCreator$DeferredQueryInvocationHandler.invoke(SharedEntityManagerCreator.java:405) ~[spring-orm-6.0.9.jar:6.0.9]
	at jdk.proxy2/jdk.proxy2.$Proxy163.getResultList(Unknown Source) ~[na:na]
	at org.springframework.data.jpa.repository.query.JpaQueryExecution$ExistsExecution.doExecute(JpaQueryExecution.java:315) ~[spring-data-jpa-3.1.0.jar:3.1.0]
	at org.springframework.data.jpa.repository.query.JpaQueryExecution.execute(JpaQueryExecution.java:92) ~[spring-data-jpa-3.1.0.jar:3.1.0]
	at org.springframework.data.jpa.repository.query.AbstractJpaQuery.doExecute(AbstractJpaQuery.java:148) ~[spring-data-jpa-3.1.0.jar:3.1.0]
	at org.springframework.data.jpa.repository.query.AbstractJpaQuery.execute(AbstractJpaQuery.java:136) ~[spring-data-jpa-3.1.0.jar:3.1.0]
	at org.springframework.data.repository.core.support.RepositoryMethodInvoker.doInvoke(RepositoryMethodInvoker.java:136) ~[spring-data-commons-3.1.0.jar:3.1.0]
	at org.springframework.data.repository.core.support.RepositoryMethodInvoker.invoke(RepositoryMethodInvoker.java:120) ~[spring-data-commons-3.1.0.jar:3.1.0]
	at org.springframework.data.repository.core.support.QueryExecutorMethodInterceptor.doInvoke(QueryExecutorMethodInterceptor.java:164) ~[spring-data-commons-3.1.0.jar:3.1.0]
	at org.springframework.data.repository.core.support.QueryExecutorMethodInterceptor.invoke(QueryExecutorMethodInterceptor.java:143) ~[spring-data-commons-3.1.0.jar:3.1.0]
	at org.springframework.aop.framework.ReflectiveMethodInvocation.proceed(ReflectiveMethodInvocation.java:184) ~[spring-aop-6.0.9.jar:6.0.9]
	at org.springframework.data.projection.DefaultMethodInvokingMethodInterceptor.invoke(DefaultMethodInvokingMethodInterceptor.java:77) ~[spring-data-commons-3.1.0.jar:3.1.0]
	at org.springframework.aop.framework.ReflectiveMethodInvocation.proceed(ReflectiveMethodInvocation.java:184) ~[spring-aop-6.0.9.jar:6.0.9]
	at org.springframework.transaction.interceptor.TransactionInterceptor$1.proceedWithInvocation(TransactionInterceptor.java:123) ~[spring-tx-6.0.9.jar:6.0.9]
	at org.springframework.transaction.interceptor.TransactionAspectSupport.invokeWithinTransaction(TransactionAspectSupport.java:391) ~[spring-tx-6.0.9.jar:6.0.9]
	at org.springframework.transaction.interceptor.TransactionInterceptor.invoke(TransactionInterceptor.java:119) ~[spring-tx-6.0.9.jar:6.0.9]
	at org.springframework.aop.framework.ReflectiveMethodInvocation.proceed(ReflectiveMethodInvocation.java:184) ~[spring-aop-6.0.9.jar:6.0.9]
	at org.springframework.dao.support.PersistenceExceptionTranslationInterceptor.invoke(PersistenceExceptionTranslationInterceptor.java:137) ~[spring-tx-6.0.9.jar:6.0.9]
	... 64 common frames omitted
Caused by: java.sql.SQLTransientConnectionException: HikariPool-1 - Connection is not available, request timed out after 965395ms.
	at com.zaxxer.hikari.pool.HikariPool.createTimeoutException(HikariPool.java:696) ~[HikariCP-5.0.1.jar:na]
	at com.zaxxer.hikari.pool.HikariPool.getConnection(HikariPool.java:181) ~[HikariCP-5.0.1.jar:na]
	at com.zaxxer.hikari.pool.HikariPool.getConnection(HikariPool.java:146) ~[HikariCP-5.0.1.jar:na]
	at com.zaxxer.hikari.HikariDataSource.getConnection(HikariDataSource.java:128) ~[HikariCP-5.0.1.jar:na]
	at org.hibernate.engine.jdbc.connections.internal.DatasourceConnectionProviderImpl.getConnection(DatasourceConnectionProviderImpl.java:122) ~[hibernate-core-6.2.2.Final.jar:6.2.2.Final]
	at org.hibernate.internal.NonContextualJdbcConnectionAccess.obtainConnection(NonContextualJdbcConnectionAccess.java:38) ~[hibernate-core-6.2.2.Final.jar:6.2.2.Final]
	at org.hibernate.resource.jdbc.internal.LogicalConnectionManagedImpl.acquireConnectionIfNeeded(LogicalConnectionManagedImpl.java:113) ~[hibernate-core-6.2.2.Final.jar:6.2.2.Final]
	... 108 common frames omitted
Caused by: java.sql.SQLNonTransientConnectionException: No operations allowed after connection closed.
	at com.mysql.cj.jdbc.exceptions.SQLError.createSQLException(SQLError.java:111) ~[mysql-connector-j-8.0.33.jar:8.0.33]
	at com.mysql.cj.jdbc.exceptions.SQLError.createSQLException(SQLError.java:98) ~[mysql-connector-j-8.0.33.jar:8.0.33]
	at com.mysql.cj.jdbc.exceptions.SQLError.createSQLException(SQLError.java:90) ~[mysql-connector-j-8.0.33.jar:8.0.33]
	at com.mysql.cj.jdbc.exceptions.SQLError.createSQLException(SQLError.java:64) ~[mysql-connector-j-8.0.33.jar:8.0.33]
	at com.mysql.cj.jdbc.exceptions.SQLError.createSQLException(SQLError.java:74) ~[mysql-connector-j-8.0.33.jar:8.0.33]
	at com.mysql.cj.jdbc.exceptions.SQLExceptionsMapping.translateException(SQLExceptionsMapping.java:73) ~[mysql-connector-j-8.0.33.jar:8.0.33]
	at com.mysql.cj.jdbc.ConnectionImpl.setNetworkTimeout(ConnectionImpl.java:2457) ~[mysql-connector-j-8.0.33.jar:8.0.33]
	at com.zaxxer.hikari.pool.PoolBase.setNetworkTimeout(PoolBase.java:561) ~[HikariCP-5.0.1.jar:na]
	at com.zaxxer.hikari.pool.PoolBase.isConnectionDead(PoolBase.java:168) ~[HikariCP-5.0.1.jar:na]
	at com.zaxxer.hikari.pool.HikariPool.getConnection(HikariPool.java:170) ~[HikariCP-5.0.1.jar:na]
	... 113 common frames omitted
Caused by: com.mysql.cj.exceptions.ConnectionIsClosedException: No operations allowed after connection closed.
	at java.base/jdk.internal.reflect.DirectConstructorHandleAccessor.newInstance(DirectConstructorHandleAccessor.java:62) ~[na:na]
	at java.base/java.lang.reflect.Constructor.newInstanceWithCaller(Constructor.java:501) ~[na:na]
	at java.base/java.lang.reflect.Constructor.newInstance(Constructor.java:485) ~[na:na]
	at com.mysql.cj.exceptions.ExceptionFactory.createException(ExceptionFactory.java:62) ~[mysql-connector-j-8.0.33.jar:8.0.33]
	at com.mysql.cj.exceptions.ExceptionFactory.createException(ExceptionFactory.java:105) ~[mysql-connector-j-8.0.33.jar:8.0.33]
	at com.mysql.cj.exceptions.ExceptionFactory.createException(ExceptionFactory.java:150) ~[mysql-connector-j-8.0.33.jar:8.0.33]
	at com.mysql.cj.NativeSession.checkClosed(NativeSession.java:753) ~[mysql-connector-j-8.0.33.jar:8.0.33]
	at com.mysql.cj.jdbc.ConnectionImpl.checkClosed(ConnectionImpl.java:565) ~[mysql-connector-j-8.0.33.jar:8.0.33]
	at com.mysql.cj.jdbc.ConnectionImpl.setNetworkTimeout(ConnectionImpl.java:2453) ~[mysql-connector-j-8.0.33.jar:8.0.33]
	... 116 common frames omitted

2025-08-01T09:51:08.562+03:00 ERROR 19631 --- [http-nio-8080-exec-9] c.b.s.security.jwt.AuthEntryPointJwt     : Unauthorized error: Full authentication is required to access this resource
2025-08-01T09:51:08.562+03:00 ERROR 19631 --- [http-nio-8080-exec-5] c.b.s.security.jwt.AuthEntryPointJwt     : Unauthorized error: Full authentication is required to access this resource
2025-08-01T09:51:11.310+03:00  WARN 19631 --- [HikariPool-1 housekeeper] com.zaxxer.hikari.pool.HikariPool        : HikariPool-1 - Thread starvation or clock leap detected (housekeeper delta=16m25s354ms).
2025-08-01T09:54:43.326+03:00  WARN 19631 --- [HikariPool-1 housekeeper] com.zaxxer.hikari.pool.HikariPool        : HikariPool-1 - Thread starvation or clock leap detected (housekeeper delta=3m32s16ms).
2025-08-01T09:55:15.617+03:00  INFO 19631 --- [SpringApplicationShutdownHook] j.LocalContainerEntityManagerFactoryBean : Closing JPA EntityManagerFactory for persistence unit 'default'
2025-08-01T09:55:15.638+03:00  INFO 19631 --- [SpringApplicationShutdownHook] com.zaxxer.hikari.HikariDataSource       : HikariPool-1 - Shutdown initiated...
2025-08-01T09:55:15.967+03:00  INFO 19631 --- [SpringApplicationShutdownHook] com.zaxxer.hikari.HikariDataSource       : HikariPool-1 - Shutdown completed.
2025-08-01T09:55:19.042+03:00  INFO 22560 --- [main] c.b.s.SpringBootSecurityJwtApplication   : Starting SpringBootSecurityJwtApplication using Java 23.0.2 with PID 22560 (/Users/tymofiishulha/Documents/Magazine/spring-boot-spring-security-jwt-authentication-master/target/classes started by tymofiishulha in /Users/tymofiishulha/Documents/Magazine/spring-boot-spring-security-jwt-authentication-master)
2025-08-01T09:55:19.044+03:00  INFO 22560 --- [main] c.b.s.SpringBootSecurityJwtApplication   : No active profile set, falling back to 1 default profile: "default"
2025-08-01T09:55:19.398+03:00  INFO 22560 --- [main] .s.d.r.c.RepositoryConfigurationDelegate : Bootstrapping Spring Data JPA repositories in DEFAULT mode.
2025-08-01T09:55:19.452+03:00  INFO 22560 --- [main] .s.d.r.c.RepositoryConfigurationDelegate : Finished Spring Data repository scanning in 50 ms. Found 15 JPA repository interfaces.
2025-08-01T09:55:19.739+03:00  INFO 22560 --- [main] o.s.b.w.embedded.tomcat.TomcatWebServer  : Tomcat initialized with port(s): 8080 (http)
2025-08-01T09:55:19.743+03:00  INFO 22560 --- [main] o.apache.catalina.core.StandardService   : Starting service [Tomcat]
2025-08-01T09:55:19.743+03:00  INFO 22560 --- [main] o.apache.catalina.core.StandardEngine    : Starting Servlet engine: [Apache Tomcat/10.1.8]
2025-08-01T09:55:19.777+03:00  INFO 22560 --- [main] o.a.c.c.C.[Tomcat].[localhost].[/]       : Initializing Spring embedded WebApplicationContext
2025-08-01T09:55:19.777+03:00  INFO 22560 --- [main] w.s.c.ServletWebServerApplicationContext : Root WebApplicationContext: initialization completed in 708 ms
2025-08-01T09:55:19.840+03:00  INFO 22560 --- [main] o.hibernate.jpa.internal.util.LogHelper  : HHH000204: Processing PersistenceUnitInfo [name: default]
2025-08-01T09:55:19.868+03:00  INFO 22560 --- [main] org.hibernate.Version                    : HHH000412: Hibernate ORM core version 6.2.2.Final
2025-08-01T09:55:19.869+03:00  INFO 22560 --- [main] org.hibernate.cfg.Environment            : HHH000406: Using bytecode reflection optimizer
2025-08-01T09:55:19.930+03:00  INFO 22560 --- [main] o.h.b.i.BytecodeProviderInitiator        : HHH000021: Bytecode provider name : bytebuddy
2025-08-01T09:55:20.011+03:00  INFO 22560 --- [main] o.s.o.j.p.SpringPersistenceUnitInfo      : No LoadTimeWeaver setup: ignoring JPA class transformer
2025-08-01T09:55:20.037+03:00  INFO 22560 --- [main] com.zaxxer.hikari.HikariDataSource       : HikariPool-1 - Starting...
2025-08-01T09:55:21.141+03:00 ERROR 22560 --- [main] com.zaxxer.hikari.pool.HikariPool        : HikariPool-1 - Exception during pool initialization.

com.mysql.cj.jdbc.exceptions.CommunicationsException: Communications link failure

The last packet sent successfully to the server was 0 milliseconds ago. The driver has not received any packets from the server.
	at com.mysql.cj.jdbc.exceptions.SQLError.createCommunicationsException(SQLError.java:175) ~[mysql-connector-j-8.0.33.jar:8.0.33]
	at com.mysql.cj.jdbc.exceptions.SQLExceptionsMapping.translateException(SQLExceptionsMapping.java:64) ~[mysql-connector-j-8.0.33.jar:8.0.33]
	at com.mysql.cj.jdbc.ConnectionImpl.createNewIO(ConnectionImpl.java:825) ~[mysql-connector-j-8.0.33.jar:8.0.33]
	at com.mysql.cj.jdbc.ConnectionImpl.<init>(ConnectionImpl.java:446) ~[mysql-connector-j-8.0.33.jar:8.0.33]
	at com.mysql.cj.jdbc.ConnectionImpl.getInstance(ConnectionImpl.java:239) ~[mysql-connector-j-8.0.33.jar:8.0.33]
	at com.mysql.cj.jdbc.NonRegisteringDriver.connect(NonRegisteringDriver.java:188) ~[mysql-connector-j-8.0.33.jar:8.0.33]
	at com.zaxxer.hikari.util.DriverDataSource.getConnection(DriverDataSource.java:138) ~[HikariCP-5.0.1.jar:na]
	at com.zaxxer.hikari.pool.PoolBase.newConnection(PoolBase.java:359) ~[HikariCP-5.0.1.jar:na]
	at com.zaxxer.hikari.pool.PoolBase.newPoolEntry(PoolBase.java:201) ~[HikariCP-5.0.1.jar:na]
	at com.zaxxer.hikari.pool.HikariPool.createPoolEntry(HikariPool.java:470) ~[HikariCP-5.0.1.jar:na]
	at com.zaxxer.hikari.pool.HikariPool.checkFailFast(HikariPool.java:561) ~[HikariCP-5.0.1.jar:na]
	at com.zaxxer.hikari.pool.HikariPool.<init>(HikariPool.java:100) ~[HikariCP-5.0.1.jar:na]
	at com.zaxxer.hikari.HikariDataSource.getConnection(HikariDataSource.java:112) ~[HikariCP-5.0.1.jar:na]
	at org.hibernate.engine.jdbc.connections.internal.DatasourceConnectionProviderImpl.getConnection(DatasourceConnectionProviderImpl.java:122) ~[hibernate-core-6.2.2.Final.jar:6.2.2.Final]
	at org.hibernate.engine.jdbc.env.internal.JdbcEnvironmentInitiator$ConnectionProviderJdbcConnectionAccess.obtainConnection(JdbcEnvironmentInitiator.java:316) ~[hibernate-core-6.2.2.Final.jar:6.2.2.Final]
	at org.hibernate.engine.jdbc.env.internal.JdbcEnvironmentInitiator.initiateService(JdbcEnvironmentInitiator.java:152) ~[hibernate-core-6.2.2.Final.jar:6.2.2.Final]
	at org.hibernate.engine.jdbc.env.internal.JdbcEnvironmentInitiator.initiateService(JdbcEnvironmentInitiator.java:34) ~[hibernate-core-6.2.2.Final.jar:6.2.2.Final]
	at org.hibernate.boot.registry.internal.StandardServiceRegistryImpl.initiateService(StandardServiceRegistryImpl.java:119) ~[hibernate-core-6.2.2.Final.jar:6.2.2.Final]
	at org.hibernate.service.internal.AbstractServiceRegistryImpl.createService(AbstractServiceRegistryImpl.java:264) ~[hibernate-core-6.2.2.Final.jar:6.2.2.Final]
	at org.hibernate.service.internal.AbstractServiceRegistryImpl.initializeService(AbstractServiceRegistryImpl.java:239) ~[hibernate-core-6.2.2.Final.jar:6.2.2.Final]
	at org.hibernate.service.internal.AbstractServiceRegistryImpl.getService(AbstractServiceRegistryImpl.java:216) ~[hibernate-core-6.2.2.Final.jar:6.2.2.Final]
	at org.hibernate.boot.model.relational.Database.<init>(Database.java:45) ~[hibernate-core-6.2.2.Final.jar:6.2.2.Final]
	at org.hibernate.boot.internal.InFlightMetadataCollectorImpl.getDatabase(InFlightMetadataCollectorImpl.java:229) ~[hibernate-core-6.2.2.Final.jar:6.2.2.Final]
	at org.hibernate.boot.internal.InFlightMetadataCollectorImpl.<init>(InFlightMetadataCollectorImpl.java:197) ~[hibernate-core-6.2.2.Final.jar:6.2.2.Final]
	at org.hibernate.boot.model.process.spi.MetadataBuildingProcess.complete(MetadataBuildingProcess.java:166) ~[hibernate-core-6.2.2.Final.jar:6.2.2.Final]
	at org.hibernate.jpa.boot.internal.EntityManagerFactoryBuilderImpl.metadata(EntityManagerFactoryBuilderImpl.java:1380) ~[hibernate-core-6.2.2.Final.jar:6.2.2.Final]
	at org.hibernate.jpa.boot.internal.EntityManagerFactoryBuilderImpl.build(EntityManagerFactoryBuilderImpl.java:1451) ~[hibernate-core-6.2.2.Final.jar:6.2.2.Final]
	at org.springframework.orm.jpa.vendor.SpringHibernateJpaPersistenceProvider.createContainerEntityManagerFactory(SpringHibernateJpaPersistenceProvider.java:66) ~[spring-orm-6.0.9.jar:6.0.9]
	at org.springframework.orm.jpa.LocalContainerEntityManagerFactoryBean.createNativeEntityManagerFactory(LocalContainerEntityManagerFactoryBean.java:376) ~[spring-orm-6.0.9.jar:6.0.9]
	at org.springframework.orm.jpa.AbstractEntityManagerFactoryBean.buildNativeEntityManagerFactory(AbstractEntityManagerFactoryBean.java:409) ~[spring-orm-6.0.9.jar:6.0.9]
	at org.springframework.orm.jpa.AbstractEntityManagerFactoryBean.afterPropertiesSet(AbstractEntityManagerFactoryBean.java:396) ~[spring-orm-6.0.9.jar:6.0.9]
	at org.springframework.orm.jpa.LocalContainerEntityManagerFactoryBean.afterPropertiesSet(LocalContainerEntityManagerFactoryBean.java:352) ~[spring-orm-6.0.9.jar:6.0.9]
	at org.springframework.beans.factory.support.AbstractAutowireCapableBeanFactory.invokeInitMethods(AbstractAutowireCapableBeanFactory.java:1816) ~[spring-beans-6.0.9.jar:6.0.9]
	at org.springframework.beans.factory.support.AbstractAutowireCapableBeanFactory.initializeBean(AbstractAutowireCapableBeanFactory.java:1766) ~[spring-beans-6.0.9.jar:6.0.9]
	at org.springframework.beans.factory.support.AbstractAutowireCapableBeanFactory.doCreateBean(AbstractAutowireCapableBeanFactory.java:598) ~[spring-beans-6.0.9.jar:6.0.9]
	at org.springframework.beans.factory.support.AbstractAutowireCapableBeanFactory.createBean(AbstractAutowireCapableBeanFactory.java:520) ~[spring-beans-6.0.9.jar:6.0.9]
	at org.springframework.beans.factory.support.AbstractBeanFactory.lambda$doGetBean$0(AbstractBeanFactory.java:326) ~[spring-beans-6.0.9.jar:6.0.9]
	at org.springframework.beans.factory.support.DefaultSingletonBeanRegistry.getSingleton(DefaultSingletonBeanRegistry.java:234) ~[spring-beans-6.0.9.jar:6.0.9]
	at org.springframework.beans.factory.support.AbstractBeanFactory.doGetBean(AbstractBeanFactory.java:324) ~[spring-beans-6.0.9.jar:6.0.9]
	at org.springframework.beans.factory.support.AbstractBeanFactory.getBean(AbstractBeanFactory.java:200) ~[spring-beans-6.0.9.jar:6.0.9]
	at org.springframework.beans.factory.support.BeanDefinitionValueResolver.resolveReference(BeanDefinitionValueResolver.java:365) ~[spring-beans-6.0.9.jar:6.0.9]
	at org.springframework.beans.factory.support.BeanDefinitionValueResolver.resolveValueIfNecessary(BeanDefinitionValueResolver.java:135) ~[spring-beans-6.0.9.jar:6.0.9]
	at org.springframework.beans.factory.support.ConstructorResolver.resolveConstructorArguments(ConstructorResolver.java:693) ~[spring-beans-6.0.9.jar:6.0.9]
	at org.springframework.beans.factory.support.ConstructorResolver.instantiateUsingFactoryMethod(ConstructorResolver.java:517) ~[spring-beans-6.0.9.jar:6.0.9]
	at org.springframework.beans.factory.support.AbstractAutowireCapableBeanFactory.instantiateUsingFactoryMethod(AbstractAutowireCapableBeanFactory.java:1332) ~[spring-beans-6.0.9.jar:6.0.9]
	at org.springframework.beans.factory.support.AbstractAutowireCapableBeanFactory.createBeanInstance(AbstractAutowireCapableBeanFactory.java:1162) ~[spring-beans-6.0.9.jar:6.0.9]
	at org.springframework.beans.factory.support.AbstractAutowireCapableBeanFactory.doCreateBean(AbstractAutowireCapableBeanFactory.java:560) ~[spring-beans-6.0.9.jar:6.0.9]
	at org.springframework.beans.factory.support.AbstractAutowireCapableBeanFactory.createBean(AbstractAutowireCapableBeanFactory.java:520) ~[spring-beans-6.0.9.jar:6.0.9]
	at org.springframework.beans.factory.support.AbstractBeanFactory.lambda$doGetBean$0(AbstractBeanFactory.java:326) ~[spring-beans-6.0.9.jar:6.0.9]
	at org.springframework.beans.factory.support.DefaultSingletonBeanRegistry.getSingleton(DefaultSingletonBeanRegistry.java:234) ~[spring-beans-6.0.9.jar:6.0.9]
	at org.springframework.beans.factory.support.AbstractBeanFactory.doGetBean(AbstractBeanFactory.java:324) ~[spring-beans-6.0.9.jar:6.0.9]
	at org.springframework.beans.factory.support.AbstractBeanFactory.getBean(AbstractBeanFactory.java:200) ~[spring-beans-6.0.9.jar:6.0.9]
	at org.springframework.beans.factory.support.BeanDefinitionValueResolver.resolveReference(BeanDefinitionValueResolver.java:365) ~[spring-beans-6.0.9.jar:6.0.9]
	at org.springframework.beans.factory.support.BeanDefinitionValueResolver.resolveValueIfNecessary(BeanDefinitionValueResolver.java:135) ~[spring-beans-6.0.9.jar:6.0.9]
	at org.springframework.beans.factory.support.AbstractAutowireCapableBeanFactory.applyPropertyValues(AbstractAutowireCapableBeanFactory.java:1682) ~[spring-beans-6.0.9.jar:6.0.9]
	at org.springframework.beans.factory.support.AbstractAutowireCapableBeanFactory.populateBean(AbstractAutowireCapableBeanFactory.java:1431) ~[spring-beans-6.0.9.jar:6.0.9]
	at org.springframework.beans.factory.support.AbstractAutowireCapableBeanFactory.doCreateBean(AbstractAutowireCapableBeanFactory.java:597) ~[spring-beans-6.0.9.jar:6.0.9]
	at org.springframework.beans.factory.support.AbstractAutowireCapableBeanFactory.createBean(AbstractAutowireCapableBeanFactory.java:520) ~[spring-beans-6.0.9.jar:6.0.9]
	at org.springframework.beans.factory.support.AbstractBeanFactory.lambda$doGetBean$0(AbstractBeanFactory.java:326) ~[spring-beans-6.0.9.jar:6.0.9]
	at org.springframework.beans.factory.support.DefaultSingletonBeanRegistry.getSingleton(DefaultSingletonBeanRegistry.java:234) ~[spring-beans-6.0.9.jar:6.0.9]
	at org.springframework.beans.factory.support.AbstractBeanFactory.doGetBean(AbstractBeanFactory.java:324) ~[spring-beans-6.0.9.jar:6.0.9]
	at org.springframework.beans.factory.support.AbstractBeanFactory.getBean(AbstractBeanFactory.java:200) ~[spring-beans-6.0.9.jar:6.0.9]
	at org.springframework.beans.factory.config.DependencyDescriptor.resolveCandidate(DependencyDescriptor.java:254) ~[spring-beans-6.0.9.jar:6.0.9]
	at org.springframework.beans.factory.support.DefaultListableBeanFactory.doResolveDependency(DefaultListableBeanFactory.java:1417) ~[spring-beans-6.0.9.jar:6.0.9]
	at org.springframework.beans.factory.support.DefaultListableBeanFactory.resolveDependency(DefaultListableBeanFactory.java:1337) ~[spring-beans-6.0.9.jar:6.0.9]
	at org.springframework.beans.factory.support.ConstructorResolver.resolveAutowiredArgument(ConstructorResolver.java:888) ~[spring-beans-6.0.9.jar:6.0.9]
	at org.springframework.beans.factory.support.ConstructorResolver.createArgumentArray(ConstructorResolver.java:791) ~[spring-beans-6.0.9.jar:6.0.9]
	at org.springframework.beans.factory.support.ConstructorResolver.autowireConstructor(ConstructorResolver.java:245) ~[spring-beans-6.0.9.jar:6.0.9]
	at org.springframework.beans.factory.support.AbstractAutowireCapableBeanFactory.autowireConstructor(AbstractAutowireCapableBeanFactory.java:1352) ~[spring-beans-6.0.9.jar:6.0.9]
	at org.springframework.beans.factory.support.AbstractAutowireCapableBeanFactory.createBeanInstance(AbstractAutowireCapableBeanFactory.java:1189) ~[spring-beans-6.0.9.jar:6.0.9]
	at org.springframework.beans.factory.support.AbstractAutowireCapableBeanFactory.doCreateBean(AbstractAutowireCapableBeanFactory.java:560) ~[spring-beans-6.0.9.jar:6.0.9]
	at org.springframework.beans.factory.support.AbstractAutowireCapableBeanFactory.createBean(AbstractAutowireCapableBeanFactory.java:520) ~[spring-beans-6.0.9.jar:6.0.9]
	at org.springframework.beans.factory.support.AbstractBeanFactory.lambda$doGetBean$0(AbstractBeanFactory.java:326) ~[spring-beans-6.0.9.jar:6.0.9]
	at org.springframework.beans.factory.support.DefaultSingletonBeanRegistry.getSingleton(DefaultSingletonBeanRegistry.java:234) ~[spring-beans-6.0.9.jar:6.0.9]
	at org.springframework.beans.factory.support.AbstractBeanFactory.doGetBean(AbstractBeanFactory.java:324) ~[spring-beans-6.0.9.jar:6.0.9]
	at org.springframework.beans.factory.support.AbstractBeanFactory.getBean(AbstractBeanFactory.java:200) ~[spring-beans-6.0.9.jar:6.0.9]
	at org.springframework.beans.factory.config.DependencyDescriptor.resolveCandidate(DependencyDescriptor.java:254) ~[spring-beans-6.0.9.jar:6.0.9]
	at org.springframework.beans.factory.support.DefaultListableBeanFactory.doResolveDependency(DefaultListableBeanFactory.java:1417) ~[spring-beans-6.0.9.jar:6.0.9]
	at org.springframework.beans.factory.support.DefaultListableBeanFactory.resolveDependency(DefaultListableBeanFactory.java:1337) ~[spring-beans-6.0.9.jar:6.0.9]
	at org.springframework.beans.factory.annotation.AutowiredAnnotationBeanPostProcessor$AutowiredFieldElement.resolveFieldValue(AutowiredAnnotationBeanPostProcessor.java:710) ~[spring-beans-6.0.9.jar:6.0.9]
	at org.springframework.beans.factory.annotation.AutowiredAnnotationBeanPostProcessor$AutowiredFieldElement.inject(AutowiredAnnotationBeanPostProcessor.java:693) ~[spring-beans-6.0.9.jar:6.0.9]
	at org.springframework.beans.factory.annotation.InjectionMetadata.inject(InjectionMetadata.java:133) ~[spring-beans-6.0.9.jar:6.0.9]
	at org.springframework.beans.factory.annotation.AutowiredAnnotationBeanPostProcessor.postProcessProperties(AutowiredAnnotationBeanPostProcessor.java:482) ~[spring-beans-6.0.9.jar:6.0.9]
	at org.springframework.beans.factory.support.AbstractAutowireCapableBeanFactory.populateBean(AbstractAutowireCapableBeanFactory.java:1416) ~[spring-beans-6.0.9.jar:6.0.9]
	at org.springframework.beans.factory.support.AbstractAutowireCapableBeanFactory.doCreateBean(AbstractAutowireCapableBeanFactory.java:597) ~[spring-beans-6.0.9.jar:6.0.9]
	at org.springframework.beans.factory.support.AbstractAutowireCapableBeanFactory.createBean(AbstractAutowireCapableBeanFactory.java:520) ~[spring-beans-6.0.9.jar:6.0.9]
	at org.springframework.beans.factory.support.AbstractBeanFactory.lambda$doGetBean$0(AbstractBeanFactory.java:326) ~[spring-beans-6.0.9.jar:6.0.9]
	at org.springframework.beans.factory.support.DefaultSingletonBeanRegistry.getSingleton(DefaultSingletonBeanRegistry.java:234) ~[spring-beans-6.0.9.jar:6.0.9]
	at org.springframework.beans.factory.support.AbstractBeanFactory.doGetBean(AbstractBeanFactory.java:324) ~[spring-beans-6.0.9.jar:6.0.9]
	at org.springframework.beans.factory.support.AbstractBeanFactory.getBean(AbstractBeanFactory.java:200) ~[spring-beans-6.0.9.jar:6.0.9]
	at org.springframework.beans.factory.support.ConstructorResolver.instantiateUsingFactoryMethod(ConstructorResolver.java:417) ~[spring-beans-6.0.9.jar:6.0.9]
	at org.springframework.beans.factory.support.AbstractAutowireCapableBeanFactory.instantiateUsingFactoryMethod(AbstractAutowireCapableBeanFactory.java:1332) ~[spring-beans-6.0.9.jar:6.0.9]
	at org.springframework.beans.factory.support.AbstractAutowireCapableBeanFactory.createBeanInstance(AbstractAutowireCapableBeanFactory.java:1162) ~[spring-beans-6.0.9.jar:6.0.9]
	at org.springframework.beans.factory.support.AbstractAutowireCapableBeanFactory.doCreateBean(AbstractAutowireCapableBeanFactory.java:560) ~[spring-beans-6.0.9.jar:6.0.9]
	at org.springframework.beans.factory.support.AbstractAutowireCapableBeanFactory.createBean(AbstractAutowireCapableBeanFactory.java:520) ~[spring-beans-6.0.9.jar:6.0.9]
	at org.springframework.beans.factory.support.AbstractBeanFactory.lambda$doGetBean$0(AbstractBeanFactory.java:326) ~[spring-beans-6.0.9.jar:6.0.9]
	at org.springframework.beans.factory.support.DefaultSingletonBeanRegistry.getSingleton(DefaultSingletonBeanRegistry.java:234) ~[spring-beans-6.0.9.jar:6.0.9]
	at org.springframework.beans.factory.support.AbstractBeanFactory.doGetBean(AbstractBeanFactory.java:324) ~[spring-beans-6.0.9.jar:6.0.9]
	at org.springframework.beans.factory.support.AbstractBeanFactory.getBean(AbstractBeanFactory.java:205) ~[spring-beans-6.0.9.jar:6.0.9]
	at org.springframework.boot.web.servlet.ServletContextInitializerBeans.getOrderedBeansOfType(ServletContextInitializerBeans.java:210) ~[spring-boot-3.1.0.jar:3.1.0]
	at org.springframework.boot.web.servlet.ServletContextInitializerBeans.addAsRegistrationBean(ServletContextInitializerBeans.java:173) ~[spring-boot-3.1.0.jar:3.1.0]
	at org.springframework.boot.web.servlet.ServletContextInitializerBeans.addAsRegistrationBean(ServletContextInitializerBeans.java:168) ~[spring-boot-3.1.0.jar:3.1.0]
	at org.springframework.boot.web.servlet.ServletContextInitializerBeans.addAdaptableBeans(ServletContextInitializerBeans.java:153) ~[spring-boot-3.1.0.jar:3.1.0]
	at org.springframework.boot.web.servlet.ServletContextInitializerBeans.<init>(ServletContextInitializerBeans.java:86) ~[spring-boot-3.1.0.jar:3.1.0]
	at org.springframework.boot.web.servlet.context.ServletWebServerApplicationContext.getServletContextInitializerBeans(ServletWebServerApplicationContext.java:261) ~[spring-boot-3.1.0.jar:3.1.0]
	at org.springframework.boot.web.servlet.context.ServletWebServerApplicationContext.selfInitialize(ServletWebServerApplicationContext.java:235) ~[spring-boot-3.1.0.jar:3.1.0]
	at org.springframework.boot.web.embedded.tomcat.TomcatStarter.onStartup(TomcatStarter.java:52) ~[spring-boot-3.1.0.jar:3.1.0]
	at org.apache.catalina.core.StandardContext.startInternal(StandardContext.java:4882) ~[tomcat-embed-core-10.1.8.jar:10.1.8]
	at org.apache.catalina.util.LifecycleBase.start(LifecycleBase.java:183) ~[tomcat-embed-core-10.1.8.jar:10.1.8]
	at org.apache.catalina.core.ContainerBase$StartChild.call(ContainerBase.java:1332) ~[tomcat-embed-core-10.1.8.jar:10.1.8]
	at org.apache.catalina.core.ContainerBase$StartChild.call(ContainerBase.java:1322) ~[tomcat-embed-core-10.1.8.jar:10.1.8]
	at java.base/java.util.concurrent.FutureTask.run$$$capture(FutureTask.java:317) ~[na:na]
	at java.base/java.util.concurrent.FutureTask.run(FutureTask.java) ~[na:na]
	at org.apache.tomcat.util.threads.InlineExecutorService.execute(InlineExecutorService.java:75) ~[tomcat-embed-core-10.1.8.jar:10.1.8]
	at java.base/java.util.concurrent.AbstractExecutorService.submit(AbstractExecutorService.java:148) ~[na:na]
	at org.apache.catalina.core.ContainerBase.startInternal(ContainerBase.java:871) ~[tomcat-embed-core-10.1.8.jar:10.1.8]
	at org.apache.catalina.core.StandardHost.startInternal(StandardHost.java:846) ~[tomcat-embed-core-10.1.8.jar:10.1.8]
	at org.apache.catalina.util.LifecycleBase.start(LifecycleBase.java:183) ~[tomcat-embed-core-10.1.8.jar:10.1.8]
	at org.apache.catalina.core.ContainerBase$StartChild.call(ContainerBase.java:1332) ~[tomcat-embed-core-10.1.8.jar:10.1.8]
	at org.apache.catalina.core.ContainerBase$StartChild.call(ContainerBase.java:1322) ~[tomcat-embed-core-10.1.8.jar:10.1.8]
	at java.base/java.util.concurrent.FutureTask.run$$$capture(FutureTask.java:317) ~[na:na]
	at java.base/java.util.concurrent.FutureTask.run(FutureTask.java) ~[na:na]
	at org.apache.tomcat.util.threads.InlineExecutorService.execute(InlineExecutorService.java:75) ~[tomcat-embed-core-10.1.8.jar:10.1.8]
	at java.base/java.util.concurrent.AbstractExecutorService.submit(AbstractExecutorService.java:148) ~[na:na]
	at org.apache.catalina.core.ContainerBase.startInternal(ContainerBase.java:871) ~[tomcat-embed-core-10.1.8.jar:10.1.8]
	at org.apache.catalina.core.StandardEngine.startInternal(StandardEngine.java:241) ~[tomcat-embed-core-10.1.8.jar:10.1.8]
	at org.apache.catalina.util.LifecycleBase.start(LifecycleBase.java:183) ~[tomcat-embed-core-10.1.8.jar:10.1.8]
	at org.apache.catalina.core.StandardService.startInternal(StandardService.java:428) ~[tomcat-embed-core-10.1.8.jar:10.1.8]
	at org.apache.catalina.util.LifecycleBase.start(LifecycleBase.java:183) ~[tomcat-embed-core-10.1.8.jar:10.1.8]
	at org.apache.catalina.core.StandardServer.startInternal(StandardServer.java:913) ~[tomcat-embed-core-10.1.8.jar:10.1.8]
	at org.apache.catalina.util.LifecycleBase.start(LifecycleBase.java:183) ~[tomcat-embed-core-10.1.8.jar:10.1.8]
	at org.apache.catalina.startup.Tomcat.start(Tomcat.java:485) ~[tomcat-embed-core-10.1.8.jar:10.1.8]
	at org.springframework.boot.web.embedded.tomcat.TomcatWebServer.initialize(TomcatWebServer.java:123) ~[spring-boot-3.1.0.jar:3.1.0]
	at org.springframework.boot.web.embedded.tomcat.TomcatWebServer.<init>(TomcatWebServer.java:104) ~[spring-boot-3.1.0.jar:3.1.0]
	at org.springframework.boot.web.embedded.tomcat.TomcatServletWebServerFactory.getTomcatWebServer(TomcatServletWebServerFactory.java:489) ~[spring-boot-3.1.0.jar:3.1.0]
	at org.springframework.boot.web.embedded.tomcat.TomcatServletWebServerFactory.getWebServer(TomcatServletWebServerFactory.java:211) ~[spring-boot-3.1.0.jar:3.1.0]
	at org.springframework.boot.web.servlet.context.ServletWebServerApplicationContext.createWebServer(ServletWebServerApplicationContext.java:183) ~[spring-boot-3.1.0.jar:3.1.0]
	at org.springframework.boot.web.servlet.context.ServletWebServerApplicationContext.onRefresh(ServletWebServerApplicationContext.java:161) ~[spring-boot-3.1.0.jar:3.1.0]
	at org.springframework.context.support.AbstractApplicationContext.refresh(AbstractApplicationContext.java:602) ~[spring-context-6.0.9.jar:6.0.9]
	at org.springframework.boot.web.servlet.context.ServletWebServerApplicationContext.refresh(ServletWebServerApplicationContext.java:146) ~[spring-boot-3.1.0.jar:3.1.0]
	at org.springframework.boot.SpringApplication.refresh(SpringApplication.java:733) ~[spring-boot-3.1.0.jar:3.1.0]
	at org.springframework.boot.SpringApplication.refreshContext(SpringApplication.java:435) ~[spring-boot-3.1.0.jar:3.1.0]
	at org.springframework.boot.SpringApplication.run(SpringApplication.java:311) ~[spring-boot-3.1.0.jar:3.1.0]
	at org.springframework.boot.SpringApplication.run(SpringApplication.java:1305) ~[spring-boot-3.1.0.jar:3.1.0]
	at org.springframework.boot.SpringApplication.run(SpringApplication.java:1294) ~[spring-boot-3.1.0.jar:3.1.0]
	at com.bezkoder.springjwt.SpringBootSecurityJwtApplication.main(SpringBootSecurityJwtApplication.java:10) ~[classes/:na]
Caused by: com.mysql.cj.exceptions.CJCommunicationsException: Communications link failure

The last packet sent successfully to the server was 0 milliseconds ago. The driver has not received any packets from the server.
	at java.base/jdk.internal.reflect.DirectConstructorHandleAccessor.newInstance(DirectConstructorHandleAccessor.java:62) ~[na:na]
	at java.base/java.lang.reflect.Constructor.newInstanceWithCaller(Constructor.java:501) ~[na:na]
	at java.base/java.lang.reflect.Constructor.newInstance(Constructor.java:485) ~[na:na]
	at com.mysql.cj.exceptions.ExceptionFactory.createException(ExceptionFactory.java:62) ~[mysql-connector-j-8.0.33.jar:8.0.33]
	at com.mysql.cj.exceptions.ExceptionFactory.createException(ExceptionFactory.java:105) ~[mysql-connector-j-8.0.33.jar:8.0.33]
	at com.mysql.cj.exceptions.ExceptionFactory.createException(ExceptionFactory.java:150) ~[mysql-connector-j-8.0.33.jar:8.0.33]
	at com.mysql.cj.exceptions.ExceptionFactory.createCommunicationsException(ExceptionFactory.java:166) ~[mysql-connector-j-8.0.33.jar:8.0.33]
	at com.mysql.cj.protocol.a.NativeSocketConnection.connect(NativeSocketConnection.java:89) ~[mysql-connector-j-8.0.33.jar:8.0.33]
	at com.mysql.cj.NativeSession.connect(NativeSession.java:121) ~[mysql-connector-j-8.0.33.jar:8.0.33]
	at com.mysql.cj.jdbc.ConnectionImpl.connectOneTryOnly(ConnectionImpl.java:945) ~[mysql-connector-j-8.0.33.jar:8.0.33]
	at com.mysql.cj.jdbc.ConnectionImpl.createNewIO(ConnectionImpl.java:815) ~[mysql-connector-j-8.0.33.jar:8.0.33]
	... 143 common frames omitted
Caused by: java.net.SocketException: Network is unreachable
	at java.base/sun.nio.ch.Net.connect0(Native Method) ~[na:na]
	at java.base/sun.nio.ch.Net.connect(Net.java:589) ~[na:na]
	at java.base/sun.nio.ch.Net.connect(Net.java:578) ~[na:na]
	at java.base/sun.nio.ch.NioSocketImpl.connect(NioSocketImpl.java:583) ~[na:na]
	at java.base/java.net.SocksSocketImpl.connect(SocksSocketImpl.java:327) ~[na:na]
	at java.base/java.net.Socket.connect(Socket.java:760) ~[na:na]
	at com.mysql.cj.protocol.StandardSocketFactory.connect(StandardSocketFactory.java:153) ~[mysql-connector-j-8.0.33.jar:8.0.33]
	at com.mysql.cj.protocol.a.NativeSocketConnection.connect(NativeSocketConnection.java:63) ~[mysql-connector-j-8.0.33.jar:8.0.33]
	... 146 common frames omitted

2025-08-01T09:55:21.154+03:00  WARN 22560 --- [main] o.h.e.j.e.i.JdbcEnvironmentInitiator     : HHH000342: Could not obtain connection to query metadata

com.mysql.cj.jdbc.exceptions.CommunicationsException: Communications link failure

The last packet sent successfully to the server was 0 milliseconds ago. The driver has not received any packets from the server.
	at com.mysql.cj.jdbc.exceptions.SQLError.createCommunicationsException(SQLError.java:175) ~[mysql-connector-j-8.0.33.jar:8.0.33]
	at com.mysql.cj.jdbc.exceptions.SQLExceptionsMapping.translateException(SQLExceptionsMapping.java:64) ~[mysql-connector-j-8.0.33.jar:8.0.33]
	at com.mysql.cj.jdbc.ConnectionImpl.createNewIO(ConnectionImpl.java:825) ~[mysql-connector-j-8.0.33.jar:8.0.33]
	at com.mysql.cj.jdbc.ConnectionImpl.<init>(ConnectionImpl.java:446) ~[mysql-connector-j-8.0.33.jar:8.0.33]
	at com.mysql.cj.jdbc.ConnectionImpl.getInstance(ConnectionImpl.java:239) ~[mysql-connector-j-8.0.33.jar:8.0.33]
	at com.mysql.cj.jdbc.NonRegisteringDriver.connect(NonRegisteringDriver.java:188) ~[mysql-connector-j-8.0.33.jar:8.0.33]
	at com.zaxxer.hikari.util.DriverDataSource.getConnection(DriverDataSource.java:138) ~[HikariCP-5.0.1.jar:na]
	at com.zaxxer.hikari.pool.PoolBase.newConnection(PoolBase.java:359) ~[HikariCP-5.0.1.jar:na]
	at com.zaxxer.hikari.pool.PoolBase.newPoolEntry(PoolBase.java:201) ~[HikariCP-5.0.1.jar:na]
	at com.zaxxer.hikari.pool.HikariPool.createPoolEntry(HikariPool.java:470) ~[HikariCP-5.0.1.jar:na]
	at com.zaxxer.hikari.pool.HikariPool.checkFailFast(HikariPool.java:561) ~[HikariCP-5.0.1.jar:na]
	at com.zaxxer.hikari.pool.HikariPool.<init>(HikariPool.java:100) ~[HikariCP-5.0.1.jar:na]
	at com.zaxxer.hikari.HikariDataSource.getConnection(HikariDataSource.java:112) ~[HikariCP-5.0.1.jar:na]
	at org.hibernate.engine.jdbc.connections.internal.DatasourceConnectionProviderImpl.getConnection(DatasourceConnectionProviderImpl.java:122) ~[hibernate-core-6.2.2.Final.jar:6.2.2.Final]
	at org.hibernate.engine.jdbc.env.internal.JdbcEnvironmentInitiator$ConnectionProviderJdbcConnectionAccess.obtainConnection(JdbcEnvironmentInitiator.java:316) ~[hibernate-core-6.2.2.Final.jar:6.2.2.Final]
	at org.hibernate.engine.jdbc.env.internal.JdbcEnvironmentInitiator.initiateService(JdbcEnvironmentInitiator.java:152) ~[hibernate-core-6.2.2.Final.jar:6.2.2.Final]
	at org.hibernate.engine.jdbc.env.internal.JdbcEnvironmentInitiator.initiateService(JdbcEnvironmentInitiator.java:34) ~[hibernate-core-6.2.2.Final.jar:6.2.2.Final]
	at org.hibernate.boot.registry.internal.StandardServiceRegistryImpl.initiateService(StandardServiceRegistryImpl.java:119) ~[hibernate-core-6.2.2.Final.jar:6.2.2.Final]
	at org.hibernate.service.internal.AbstractServiceRegistryImpl.createService(AbstractServiceRegistryImpl.java:264) ~[hibernate-core-6.2.2.Final.jar:6.2.2.Final]
	at org.hibernate.service.internal.AbstractServiceRegistryImpl.initializeService(AbstractServiceRegistryImpl.java:239) ~[hibernate-core-6.2.2.Final.jar:6.2.2.Final]
	at org.hibernate.service.internal.AbstractServiceRegistryImpl.getService(AbstractServiceRegistryImpl.java:216) ~[hibernate-core-6.2.2.Final.jar:6.2.2.Final]
	at org.hibernate.boot.model.relational.Database.<init>(Database.java:45) ~[hibernate-core-6.2.2.Final.jar:6.2.2.Final]
	at org.hibernate.boot.internal.InFlightMetadataCollectorImpl.getDatabase(InFlightMetadataCollectorImpl.java:229) ~[hibernate-core-6.2.2.Final.jar:6.2.2.Final]
	at org.hibernate.boot.internal.InFlightMetadataCollectorImpl.<init>(InFlightMetadataCollectorImpl.java:197) ~[hibernate-core-6.2.2.Final.jar:6.2.2.Final]
	at org.hibernate.boot.model.process.spi.MetadataBuildingProcess.complete(MetadataBuildingProcess.java:166) ~[hibernate-core-6.2.2.Final.jar:6.2.2.Final]
	at org.hibernate.jpa.boot.internal.EntityManagerFactoryBuilderImpl.metadata(EntityManagerFactoryBuilderImpl.java:1380) ~[hibernate-core-6.2.2.Final.jar:6.2.2.Final]
	at org.hibernate.jpa.boot.internal.EntityManagerFactoryBuilderImpl.build(EntityManagerFactoryBuilderImpl.java:1451) ~[hibernate-core-6.2.2.Final.jar:6.2.2.Final]
	at org.springframework.orm.jpa.vendor.SpringHibernateJpaPersistenceProvider.createContainerEntityManagerFactory(SpringHibernateJpaPersistenceProvider.java:66) ~[spring-orm-6.0.9.jar:6.0.9]
	at org.springframework.orm.jpa.LocalContainerEntityManagerFactoryBean.createNativeEntityManagerFactory(LocalContainerEntityManagerFactoryBean.java:376) ~[spring-orm-6.0.9.jar:6.0.9]
	at org.springframework.orm.jpa.AbstractEntityManagerFactoryBean.buildNativeEntityManagerFactory(AbstractEntityManagerFactoryBean.java:409) ~[spring-orm-6.0.9.jar:6.0.9]
	at org.springframework.orm.jpa.AbstractEntityManagerFactoryBean.afterPropertiesSet(AbstractEntityManagerFactoryBean.java:396) ~[spring-orm-6.0.9.jar:6.0.9]
	at org.springframework.orm.jpa.LocalContainerEntityManagerFactoryBean.afterPropertiesSet(LocalContainerEntityManagerFactoryBean.java:352) ~[spring-orm-6.0.9.jar:6.0.9]
	at org.springframework.beans.factory.support.AbstractAutowireCapableBeanFactory.invokeInitMethods(AbstractAutowireCapableBeanFactory.java:1816) ~[spring-beans-6.0.9.jar:6.0.9]
	at org.springframework.beans.factory.support.AbstractAutowireCapableBeanFactory.initializeBean(AbstractAutowireCapableBeanFactory.java:1766) ~[spring-beans-6.0.9.jar:6.0.9]
	at org.springframework.beans.factory.support.AbstractAutowireCapableBeanFactory.doCreateBean(AbstractAutowireCapableBeanFactory.java:598) ~[spring-beans-6.0.9.jar:6.0.9]
	at org.springframework.beans.factory.support.AbstractAutowireCapableBeanFactory.createBean(AbstractAutowireCapableBeanFactory.java:520) ~[spring-beans-6.0.9.jar:6.0.9]
	at org.springframework.beans.factory.support.AbstractBeanFactory.lambda$doGetBean$0(AbstractBeanFactory.java:326) ~[spring-beans-6.0.9.jar:6.0.9]
	at org.springframework.beans.factory.support.DefaultSingletonBeanRegistry.getSingleton(DefaultSingletonBeanRegistry.java:234) ~[spring-beans-6.0.9.jar:6.0.9]
	at org.springframework.beans.factory.support.AbstractBeanFactory.doGetBean(AbstractBeanFactory.java:324) ~[spring-beans-6.0.9.jar:6.0.9]
	at org.springframework.beans.factory.support.AbstractBeanFactory.getBean(AbstractBeanFactory.java:200) ~[spring-beans-6.0.9.jar:6.0.9]
	at org.springframework.beans.factory.support.BeanDefinitionValueResolver.resolveReference(BeanDefinitionValueResolver.java:365) ~[spring-beans-6.0.9.jar:6.0.9]
	at org.springframework.beans.factory.support.BeanDefinitionValueResolver.resolveValueIfNecessary(BeanDefinitionValueResolver.java:135) ~[spring-beans-6.0.9.jar:6.0.9]
	at org.springframework.beans.factory.support.ConstructorResolver.resolveConstructorArguments(ConstructorResolver.java:693) ~[spring-beans-6.0.9.jar:6.0.9]
	at org.springframework.beans.factory.support.ConstructorResolver.instantiateUsingFactoryMethod(ConstructorResolver.java:517) ~[spring-beans-6.0.9.jar:6.0.9]
	at org.springframework.beans.factory.support.AbstractAutowireCapableBeanFactory.instantiateUsingFactoryMethod(AbstractAutowireCapableBeanFactory.java:1332) ~[spring-beans-6.0.9.jar:6.0.9]
	at org.springframework.beans.factory.support.AbstractAutowireCapableBeanFactory.createBeanInstance(AbstractAutowireCapableBeanFactory.java:1162) ~[spring-beans-6.0.9.jar:6.0.9]
	at org.springframework.beans.factory.support.AbstractAutowireCapableBeanFactory.doCreateBean(AbstractAutowireCapableBeanFactory.java:560) ~[spring-beans-6.0.9.jar:6.0.9]
	at org.springframework.beans.factory.support.AbstractAutowireCapableBeanFactory.createBean(AbstractAutowireCapableBeanFactory.java:520) ~[spring-beans-6.0.9.jar:6.0.9]
	at org.springframework.beans.factory.support.AbstractBeanFactory.lambda$doGetBean$0(AbstractBeanFactory.java:326) ~[spring-beans-6.0.9.jar:6.0.9]
	at org.springframework.beans.factory.support.DefaultSingletonBeanRegistry.getSingleton(DefaultSingletonBeanRegistry.java:234) ~[spring-beans-6.0.9.jar:6.0.9]
	at org.springframework.beans.factory.support.AbstractBeanFactory.doGetBean(AbstractBeanFactory.java:324) ~[spring-beans-6.0.9.jar:6.0.9]
	at org.springframework.beans.factory.support.AbstractBeanFactory.getBean(AbstractBeanFactory.java:200) ~[spring-beans-6.0.9.jar:6.0.9]
	at org.springframework.beans.factory.support.BeanDefinitionValueResolver.resolveReference(BeanDefinitionValueResolver.java:365) ~[spring-beans-6.0.9.jar:6.0.9]
	at org.springframework.beans.factory.support.BeanDefinitionValueResolver.resolveValueIfNecessary(BeanDefinitionValueResolver.java:135) ~[spring-beans-6.0.9.jar:6.0.9]
	at org.springframework.beans.factory.support.AbstractAutowireCapableBeanFactory.applyPropertyValues(AbstractAutowireCapableBeanFactory.java:1682) ~[spring-beans-6.0.9.jar:6.0.9]
	at org.springframework.beans.factory.support.AbstractAutowireCapableBeanFactory.populateBean(AbstractAutowireCapableBeanFactory.java:1431) ~[spring-beans-6.0.9.jar:6.0.9]
	at org.springframework.beans.factory.support.AbstractAutowireCapableBeanFactory.doCreateBean(AbstractAutowireCapableBeanFactory.java:597) ~[spring-beans-6.0.9.jar:6.0.9]
	at org.springframework.beans.factory.support.AbstractAutowireCapableBeanFactory.createBean(AbstractAutowireCapableBeanFactory.java:520) ~[spring-beans-6.0.9.jar:6.0.9]
	at org.springframework.beans.factory.support.AbstractBeanFactory.lambda$doGetBean$0(AbstractBeanFactory.java:326) ~[spring-beans-6.0.9.jar:6.0.9]
	at org.springframework.beans.factory.support.DefaultSingletonBeanRegistry.getSingleton(DefaultSingletonBeanRegistry.java:234) ~[spring-beans-6.0.9.jar:6.0.9]
	at org.springframework.beans.factory.support.AbstractBeanFactory.doGetBean(AbstractBeanFactory.java:324) ~[spring-beans-6.0.9.jar:6.0.9]
	at org.springframework.beans.factory.support.AbstractBeanFactory.getBean(AbstractBeanFactory.java:200) ~[spring-beans-6.0.9.jar:6.0.9]
	at org.springframework.beans.factory.config.DependencyDescriptor.resolveCandidate(DependencyDescriptor.java:254) ~[spring-beans-6.0.9.jar:6.0.9]
	at org.springframework.beans.factory.support.DefaultListableBeanFactory.doResolveDependency(DefaultListableBeanFactory.java:1417) ~[spring-beans-6.0.9.jar:6.0.9]
	at org.springframework.beans.factory.support.DefaultListableBeanFactory.resolveDependency(DefaultListableBeanFactory.java:1337) ~[spring-beans-6.0.9.jar:6.0.9]
	at org.springframework.beans.factory.support.ConstructorResolver.resolveAutowiredArgument(ConstructorResolver.java:888) ~[spring-beans-6.0.9.jar:6.0.9]
	at org.springframework.beans.factory.support.ConstructorResolver.createArgumentArray(ConstructorResolver.java:791) ~[spring-beans-6.0.9.jar:6.0.9]
	at org.springframework.beans.factory.support.ConstructorResolver.autowireConstructor(ConstructorResolver.java:245) ~[spring-beans-6.0.9.jar:6.0.9]
	at org.springframework.beans.factory.support.AbstractAutowireCapableBeanFactory.autowireConstructor(AbstractAutowireCapableBeanFactory.java:1352) ~[spring-beans-6.0.9.jar:6.0.9]
	at org.springframework.beans.factory.support.AbstractAutowireCapableBeanFactory.createBeanInstance(AbstractAutowireCapableBeanFactory.java:1189) ~[spring-beans-6.0.9.jar:6.0.9]
	at org.springframework.beans.factory.support.AbstractAutowireCapableBeanFactory.doCreateBean(AbstractAutowireCapableBeanFactory.java:560) ~[spring-beans-6.0.9.jar:6.0.9]
	at org.springframework.beans.factory.support.AbstractAutowireCapableBeanFactory.createBean(AbstractAutowireCapableBeanFactory.java:520) ~[spring-beans-6.0.9.jar:6.0.9]
	at org.springframework.beans.factory.support.AbstractBeanFactory.lambda$doGetBean$0(AbstractBeanFactory.java:326) ~[spring-beans-6.0.9.jar:6.0.9]
	at org.springframework.beans.factory.support.DefaultSingletonBeanRegistry.getSingleton(DefaultSingletonBeanRegistry.java:234) ~[spring-beans-6.0.9.jar:6.0.9]
	at org.springframework.beans.factory.support.AbstractBeanFactory.doGetBean(AbstractBeanFactory.java:324) ~[spring-beans-6.0.9.jar:6.0.9]
	at org.springframework.beans.factory.support.AbstractBeanFactory.getBean(AbstractBeanFactory.java:200) ~[spring-beans-6.0.9.jar:6.0.9]
	at org.springframework.beans.factory.config.DependencyDescriptor.resolveCandidate(DependencyDescriptor.java:254) ~[spring-beans-6.0.9.jar:6.0.9]
	at org.springframework.beans.factory.support.DefaultListableBeanFactory.doResolveDependency(DefaultListableBeanFactory.java:1417) ~[spring-beans-6.0.9.jar:6.0.9]
	at org.springframework.beans.factory.support.DefaultListableBeanFactory.resolveDependency(DefaultListableBeanFactory.java:1337) ~[spring-beans-6.0.9.jar:6.0.9]
	at org.springframework.beans.factory.annotation.AutowiredAnnotationBeanPostProcessor$AutowiredFieldElement.resolveFieldValue(AutowiredAnnotationBeanPostProcessor.java:710) ~[spring-beans-6.0.9.jar:6.0.9]
	at org.springframework.beans.factory.annotation.AutowiredAnnotationBeanPostProcessor$AutowiredFieldElement.inject(AutowiredAnnotationBeanPostProcessor.java:693) ~[spring-beans-6.0.9.jar:6.0.9]
	at org.springframework.beans.factory.annotation.InjectionMetadata.inject(InjectionMetadata.java:133) ~[spring-beans-6.0.9.jar:6.0.9]
	at org.springframework.beans.factory.annotation.AutowiredAnnotationBeanPostProcessor.postProcessProperties(AutowiredAnnotationBeanPostProcessor.java:482) ~[spring-beans-6.0.9.jar:6.0.9]
	at org.springframework.beans.factory.support.AbstractAutowireCapableBeanFactory.populateBean(AbstractAutowireCapableBeanFactory.java:1416) ~[spring-beans-6.0.9.jar:6.0.9]
	at org.springframework.beans.factory.support.AbstractAutowireCapableBeanFactory.doCreateBean(AbstractAutowireCapableBeanFactory.java:597) ~[spring-beans-6.0.9.jar:6.0.9]
	at org.springframework.beans.factory.support.AbstractAutowireCapableBeanFactory.createBean(AbstractAutowireCapableBeanFactory.java:520) ~[spring-beans-6.0.9.jar:6.0.9]
	at org.springframework.beans.factory.support.AbstractBeanFactory.lambda$doGetBean$0(AbstractBeanFactory.java:326) ~[spring-beans-6.0.9.jar:6.0.9]
	at org.springframework.beans.factory.support.DefaultSingletonBeanRegistry.getSingleton(DefaultSingletonBeanRegistry.java:234) ~[spring-beans-6.0.9.jar:6.0.9]
	at org.springframework.beans.factory.support.AbstractBeanFactory.doGetBean(AbstractBeanFactory.java:324) ~[spring-beans-6.0.9.jar:6.0.9]
	at org.springframework.beans.factory.support.AbstractBeanFactory.getBean(AbstractBeanFactory.java:200) ~[spring-beans-6.0.9.jar:6.0.9]
	at org.springframework.beans.factory.support.ConstructorResolver.instantiateUsingFactoryMethod(ConstructorResolver.java:417) ~[spring-beans-6.0.9.jar:6.0.9]
	at org.springframework.beans.factory.support.AbstractAutowireCapableBeanFactory.instantiateUsingFactoryMethod(AbstractAutowireCapableBeanFactory.java:1332) ~[spring-beans-6.0.9.jar:6.0.9]
	at org.springframework.beans.factory.support.AbstractAutowireCapableBeanFactory.createBeanInstance(AbstractAutowireCapableBeanFactory.java:1162) ~[spring-beans-6.0.9.jar:6.0.9]
	at org.springframework.beans.factory.support.AbstractAutowireCapableBeanFactory.doCreateBean(AbstractAutowireCapableBeanFactory.java:560) ~[spring-beans-6.0.9.jar:6.0.9]
	at org.springframework.beans.factory.support.AbstractAutowireCapableBeanFactory.createBean(AbstractAutowireCapableBeanFactory.java:520) ~[spring-beans-6.0.9.jar:6.0.9]
	at org.springframework.beans.factory.support.AbstractBeanFactory.lambda$doGetBean$0(AbstractBeanFactory.java:326) ~[spring-beans-6.0.9.jar:6.0.9]
	at org.springframework.beans.factory.support.DefaultSingletonBeanRegistry.getSingleton(DefaultSingletonBeanRegistry.java:234) ~[spring-beans-6.0.9.jar:6.0.9]
	at org.springframework.beans.factory.support.AbstractBeanFactory.doGetBean(AbstractBeanFactory.java:324) ~[spring-beans-6.0.9.jar:6.0.9]
	at org.springframework.beans.factory.support.AbstractBeanFactory.getBean(AbstractBeanFactory.java:205) ~[spring-beans-6.0.9.jar:6.0.9]
	at org.springframework.boot.web.servlet.ServletContextInitializerBeans.getOrderedBeansOfType(ServletContextInitializerBeans.java:210) ~[spring-boot-3.1.0.jar:3.1.0]
	at org.springframework.boot.web.servlet.ServletContextInitializerBeans.addAsRegistrationBean(ServletContextInitializerBeans.java:173) ~[spring-boot-3.1.0.jar:3.1.0]
	at org.springframework.boot.web.servlet.ServletContextInitializerBeans.addAsRegistrationBean(ServletContextInitializerBeans.java:168) ~[spring-boot-3.1.0.jar:3.1.0]
	at org.springframework.boot.web.servlet.ServletContextInitializerBeans.addAdaptableBeans(ServletContextInitializerBeans.java:153) ~[spring-boot-3.1.0.jar:3.1.0]
	at org.springframework.boot.web.servlet.ServletContextInitializerBeans.<init>(ServletContextInitializerBeans.java:86) ~[spring-boot-3.1.0.jar:3.1.0]
	at org.springframework.boot.web.servlet.context.ServletWebServerApplicationContext.getServletContextInitializerBeans(ServletWebServerApplicationContext.java:261) ~[spring-boot-3.1.0.jar:3.1.0]
	at org.springframework.boot.web.servlet.context.ServletWebServerApplicationContext.selfInitialize(ServletWebServerApplicationContext.java:235) ~[spring-boot-3.1.0.jar:3.1.0]
	at org.springframework.boot.web.embedded.tomcat.TomcatStarter.onStartup(TomcatStarter.java:52) ~[spring-boot-3.1.0.jar:3.1.0]
	at org.apache.catalina.core.StandardContext.startInternal(StandardContext.java:4882) ~[tomcat-embed-core-10.1.8.jar:10.1.8]
	at org.apache.catalina.util.LifecycleBase.start(LifecycleBase.java:183) ~[tomcat-embed-core-10.1.8.jar:10.1.8]
	at org.apache.catalina.core.ContainerBase$StartChild.call(ContainerBase.java:1332) ~[tomcat-embed-core-10.1.8.jar:10.1.8]
	at org.apache.catalina.core.ContainerBase$StartChild.call(ContainerBase.java:1322) ~[tomcat-embed-core-10.1.8.jar:10.1.8]
	at java.base/java.util.concurrent.FutureTask.run$$$capture(FutureTask.java:317) ~[na:na]
	at java.base/java.util.concurrent.FutureTask.run(FutureTask.java) ~[na:na]
	at org.apache.tomcat.util.threads.InlineExecutorService.execute(InlineExecutorService.java:75) ~[tomcat-embed-core-10.1.8.jar:10.1.8]
	at java.base/java.util.concurrent.AbstractExecutorService.submit(AbstractExecutorService.java:148) ~[na:na]
	at org.apache.catalina.core.ContainerBase.startInternal(ContainerBase.java:871) ~[tomcat-embed-core-10.1.8.jar:10.1.8]
	at org.apache.catalina.core.StandardHost.startInternal(StandardHost.java:846) ~[tomcat-embed-core-10.1.8.jar:10.1.8]
	at org.apache.catalina.util.LifecycleBase.start(LifecycleBase.java:183) ~[tomcat-embed-core-10.1.8.jar:10.1.8]
	at org.apache.catalina.core.ContainerBase$StartChild.call(ContainerBase.java:1332) ~[tomcat-embed-core-10.1.8.jar:10.1.8]
	at org.apache.catalina.core.ContainerBase$StartChild.call(ContainerBase.java:1322) ~[tomcat-embed-core-10.1.8.jar:10.1.8]
	at java.base/java.util.concurrent.FutureTask.run$$$capture(FutureTask.java:317) ~[na:na]
	at java.base/java.util.concurrent.FutureTask.run(FutureTask.java) ~[na:na]
	at org.apache.tomcat.util.threads.InlineExecutorService.execute(InlineExecutorService.java:75) ~[tomcat-embed-core-10.1.8.jar:10.1.8]
	at java.base/java.util.concurrent.AbstractExecutorService.submit(AbstractExecutorService.java:148) ~[na:na]
	at org.apache.catalina.core.ContainerBase.startInternal(ContainerBase.java:871) ~[tomcat-embed-core-10.1.8.jar:10.1.8]
	at org.apache.catalina.core.StandardEngine.startInternal(StandardEngine.java:241) ~[tomcat-embed-core-10.1.8.jar:10.1.8]
	at org.apache.catalina.util.LifecycleBase.start(LifecycleBase.java:183) ~[tomcat-embed-core-10.1.8.jar:10.1.8]
	at org.apache.catalina.core.StandardService.startInternal(StandardService.java:428) ~[tomcat-embed-core-10.1.8.jar:10.1.8]
	at org.apache.catalina.util.LifecycleBase.start(LifecycleBase.java:183) ~[tomcat-embed-core-10.1.8.jar:10.1.8]
	at org.apache.catalina.core.StandardServer.startInternal(StandardServer.java:913) ~[tomcat-embed-core-10.1.8.jar:10.1.8]
	at org.apache.catalina.util.LifecycleBase.start(LifecycleBase.java:183) ~[tomcat-embed-core-10.1.8.jar:10.1.8]
	at org.apache.catalina.startup.Tomcat.start(Tomcat.java:485) ~[tomcat-embed-core-10.1.8.jar:10.1.8]
	at org.springframework.boot.web.embedded.tomcat.TomcatWebServer.initialize(TomcatWebServer.java:123) ~[spring-boot-3.1.0.jar:3.1.0]
	at org.springframework.boot.web.embedded.tomcat.TomcatWebServer.<init>(TomcatWebServer.java:104) ~[spring-boot-3.1.0.jar:3.1.0]
	at org.springframework.boot.web.embedded.tomcat.TomcatServletWebServerFactory.getTomcatWebServer(TomcatServletWebServerFactory.java:489) ~[spring-boot-3.1.0.jar:3.1.0]
	at org.springframework.boot.web.embedded.tomcat.TomcatServletWebServerFactory.getWebServer(TomcatServletWebServerFactory.java:211) ~[spring-boot-3.1.0.jar:3.1.0]
	at org.springframework.boot.web.servlet.context.ServletWebServerApplicationContext.createWebServer(ServletWebServerApplicationContext.java:183) ~[spring-boot-3.1.0.jar:3.1.0]
	at org.springframework.boot.web.servlet.context.ServletWebServerApplicationContext.onRefresh(ServletWebServerApplicationContext.java:161) ~[spring-boot-3.1.0.jar:3.1.0]
	at org.springframework.context.support.AbstractApplicationContext.refresh(AbstractApplicationContext.java:602) ~[spring-context-6.0.9.jar:6.0.9]
	at org.springframework.boot.web.servlet.context.ServletWebServerApplicationContext.refresh(ServletWebServerApplicationContext.java:146) ~[spring-boot-3.1.0.jar:3.1.0]
	at org.springframework.boot.SpringApplication.refresh(SpringApplication.java:733) ~[spring-boot-3.1.0.jar:3.1.0]
	at org.springframework.boot.SpringApplication.refreshContext(SpringApplication.java:435) ~[spring-boot-3.1.0.jar:3.1.0]
	at org.springframework.boot.SpringApplication.run(SpringApplication.java:311) ~[spring-boot-3.1.0.jar:3.1.0]
	at org.springframework.boot.SpringApplication.run(SpringApplication.java:1305) ~[spring-boot-3.1.0.jar:3.1.0]
	at org.springframework.boot.SpringApplication.run(SpringApplication.java:1294) ~[spring-boot-3.1.0.jar:3.1.0]
	at com.bezkoder.springjwt.SpringBootSecurityJwtApplication.main(SpringBootSecurityJwtApplication.java:10) ~[classes/:na]
Caused by: com.mysql.cj.exceptions.CJCommunicationsException: Communications link failure

The last packet sent successfully to the server was 0 milliseconds ago. The driver has not received any packets from the server.
	at java.base/jdk.internal.reflect.DirectConstructorHandleAccessor.newInstance(DirectConstructorHandleAccessor.java:62) ~[na:na]
	at java.base/java.lang.reflect.Constructor.newInstanceWithCaller(Constructor.java:501) ~[na:na]
	at java.base/java.lang.reflect.Constructor.newInstance(Constructor.java:485) ~[na:na]
	at com.mysql.cj.exceptions.ExceptionFactory.createException(ExceptionFactory.java:62) ~[mysql-connector-j-8.0.33.jar:8.0.33]
	at com.mysql.cj.exceptions.ExceptionFactory.createException(ExceptionFactory.java:105) ~[mysql-connector-j-8.0.33.jar:8.0.33]
	at com.mysql.cj.exceptions.ExceptionFactory.createException(ExceptionFactory.java:150) ~[mysql-connector-j-8.0.33.jar:8.0.33]
	at com.mysql.cj.exceptions.ExceptionFactory.createCommunicationsException(ExceptionFactory.java:166) ~[mysql-connector-j-8.0.33.jar:8.0.33]
	at com.mysql.cj.protocol.a.NativeSocketConnection.connect(NativeSocketConnection.java:89) ~[mysql-connector-j-8.0.33.jar:8.0.33]
	at com.mysql.cj.NativeSession.connect(NativeSession.java:121) ~[mysql-connector-j-8.0.33.jar:8.0.33]
	at com.mysql.cj.jdbc.ConnectionImpl.connectOneTryOnly(ConnectionImpl.java:945) ~[mysql-connector-j-8.0.33.jar:8.0.33]
	at com.mysql.cj.jdbc.ConnectionImpl.createNewIO(ConnectionImpl.java:815) ~[mysql-connector-j-8.0.33.jar:8.0.33]
	... 143 common frames omitted
Caused by: java.net.SocketException: Network is unreachable
	at java.base/sun.nio.ch.Net.connect0(Native Method) ~[na:na]
	at java.base/sun.nio.ch.Net.connect(Net.java:589) ~[na:na]
	at java.base/sun.nio.ch.Net.connect(Net.java:578) ~[na:na]
	at java.base/sun.nio.ch.NioSocketImpl.connect(NioSocketImpl.java:583) ~[na:na]
	at java.base/java.net.SocksSocketImpl.connect(SocksSocketImpl.java:327) ~[na:na]
	at java.base/java.net.Socket.connect(Socket.java:760) ~[na:na]
	at com.mysql.cj.protocol.StandardSocketFactory.connect(StandardSocketFactory.java:153) ~[mysql-connector-j-8.0.33.jar:8.0.33]
	at com.mysql.cj.protocol.a.NativeSocketConnection.connect(NativeSocketConnection.java:63) ~[mysql-connector-j-8.0.33.jar:8.0.33]
	... 146 common frames omitted

2025-08-01T09:55:21.177+03:00  INFO 22560 --- [main] org.hibernate.orm.dialect                : HHH035001: Using dialect: org.hibernate.dialect.MySQLDialect, version: 5.7
2025-08-01T09:55:21.298+03:00  INFO 22560 --- [main] o.h.b.i.BytecodeProviderInitiator        : HHH000021: Bytecode provider name : bytebuddy
2025-08-01T09:55:21.996+03:00  INFO 22560 --- [main] o.h.e.t.j.p.i.JtaPlatformInitiator       : HHH000490: Using JtaPlatform implementation: [org.hibernate.engine.transaction.jta.platform.internal.NoJtaPlatform]
2025-08-01T09:55:22.010+03:00  INFO 22560 --- [main] com.zaxxer.hikari.HikariDataSource       : HikariPool-1 - Starting...
2025-08-01T09:55:23.021+03:00 ERROR 22560 --- [main] com.zaxxer.hikari.pool.HikariPool        : HikariPool-1 - Exception during pool initialization.

com.mysql.cj.jdbc.exceptions.CommunicationsException: Communications link failure

The last packet sent successfully to the server was 0 milliseconds ago. The driver has not received any packets from the server.
	at com.mysql.cj.jdbc.exceptions.SQLError.createCommunicationsException(SQLError.java:175) ~[mysql-connector-j-8.0.33.jar:8.0.33]
	at com.mysql.cj.jdbc.exceptions.SQLExceptionsMapping.translateException(SQLExceptionsMapping.java:64) ~[mysql-connector-j-8.0.33.jar:8.0.33]
	at com.mysql.cj.jdbc.ConnectionImpl.createNewIO(ConnectionImpl.java:825) ~[mysql-connector-j-8.0.33.jar:8.0.33]
	at com.mysql.cj.jdbc.ConnectionImpl.<init>(ConnectionImpl.java:446) ~[mysql-connector-j-8.0.33.jar:8.0.33]
	at com.mysql.cj.jdbc.ConnectionImpl.getInstance(ConnectionImpl.java:239) ~[mysql-connector-j-8.0.33.jar:8.0.33]
	at com.mysql.cj.jdbc.NonRegisteringDriver.connect(NonRegisteringDriver.java:188) ~[mysql-connector-j-8.0.33.jar:8.0.33]
	at com.zaxxer.hikari.util.DriverDataSource.getConnection(DriverDataSource.java:138) ~[HikariCP-5.0.1.jar:na]
	at com.zaxxer.hikari.pool.PoolBase.newConnection(PoolBase.java:359) ~[HikariCP-5.0.1.jar:na]
	at com.zaxxer.hikari.pool.PoolBase.newPoolEntry(PoolBase.java:201) ~[HikariCP-5.0.1.jar:na]
	at com.zaxxer.hikari.pool.HikariPool.createPoolEntry(HikariPool.java:470) ~[HikariCP-5.0.1.jar:na]
	at com.zaxxer.hikari.pool.HikariPool.checkFailFast(HikariPool.java:561) ~[HikariCP-5.0.1.jar:na]
	at com.zaxxer.hikari.pool.HikariPool.<init>(HikariPool.java:100) ~[HikariCP-5.0.1.jar:na]
	at com.zaxxer.hikari.HikariDataSource.getConnection(HikariDataSource.java:112) ~[HikariCP-5.0.1.jar:na]
	at org.hibernate.engine.jdbc.connections.internal.DatasourceConnectionProviderImpl.getConnection(DatasourceConnectionProviderImpl.java:122) ~[hibernate-core-6.2.2.Final.jar:6.2.2.Final]
	at org.hibernate.engine.jdbc.env.internal.JdbcEnvironmentInitiator$ConnectionProviderJdbcConnectionAccess.obtainConnection(JdbcEnvironmentInitiator.java:316) ~[hibernate-core-6.2.2.Final.jar:6.2.2.Final]
	at org.hibernate.resource.transaction.backend.jdbc.internal.DdlTransactionIsolatorNonJtaImpl.getIsolatedConnection(DdlTransactionIsolatorNonJtaImpl.java:46) ~[hibernate-core-6.2.2.Final.jar:6.2.2.Final]
	at org.hibernate.resource.transaction.backend.jdbc.internal.DdlTransactionIsolatorNonJtaImpl.getIsolatedConnection(DdlTransactionIsolatorNonJtaImpl.java:39) ~[hibernate-core-6.2.2.Final.jar:6.2.2.Final]
	at org.hibernate.tool.schema.internal.exec.ImprovedExtractionContextImpl.getJdbcConnection(ImprovedExtractionContextImpl.java:63) ~[hibernate-core-6.2.2.Final.jar:6.2.2.Final]
	at org.hibernate.tool.schema.internal.exec.ImprovedExtractionContextImpl.getJdbcDatabaseMetaData(ImprovedExtractionContextImpl.java:70) ~[hibernate-core-6.2.2.Final.jar:6.2.2.Final]
	at org.hibernate.tool.schema.extract.internal.InformationExtractorJdbcDatabaseMetaDataImpl.processTableResultSet(InformationExtractorJdbcDatabaseMetaDataImpl.java:64) ~[hibernate-core-6.2.2.Final.jar:6.2.2.Final]
	at org.hibernate.tool.schema.extract.internal.AbstractInformationExtractorImpl.getTables(AbstractInformationExtractorImpl.java:564) ~[hibernate-core-6.2.2.Final.jar:6.2.2.Final]
	at org.hibernate.tool.schema.extract.internal.DatabaseInformationImpl.getTablesInformation(DatabaseInformationImpl.java:122) ~[hibernate-core-6.2.2.Final.jar:6.2.2.Final]
	at org.hibernate.tool.schema.internal.GroupedSchemaMigratorImpl.performTablesMigration(GroupedSchemaMigratorImpl.java:72) ~[hibernate-core-6.2.2.Final.jar:6.2.2.Final]
	at org.hibernate.tool.schema.internal.AbstractSchemaMigrator.performMigration(AbstractSchemaMigrator.java:232) ~[hibernate-core-6.2.2.Final.jar:6.2.2.Final]
	at org.hibernate.tool.schema.internal.AbstractSchemaMigrator.doMigration(AbstractSchemaMigrator.java:117) ~[hibernate-core-6.2.2.Final.jar:6.2.2.Final]
	at org.hibernate.tool.schema.spi.SchemaManagementToolCoordinator.performDatabaseAction(SchemaManagementToolCoordinator.java:284) ~[hibernate-core-6.2.2.Final.jar:6.2.2.Final]
	at org.hibernate.tool.schema.spi.SchemaManagementToolCoordinator.lambda$process$5(SchemaManagementToolCoordinator.java:143) ~[hibernate-core-6.2.2.Final.jar:6.2.2.Final]
	at java.base/java.util.HashMap.forEach(HashMap.java:1430) ~[na:na]
	at org.hibernate.tool.schema.spi.SchemaManagementToolCoordinator.process(SchemaManagementToolCoordinator.java:140) ~[hibernate-core-6.2.2.Final.jar:6.2.2.Final]
	at org.hibernate.boot.internal.SessionFactoryObserverForSchemaExport.sessionFactoryCreated(SessionFactoryObserverForSchemaExport.java:37) ~[hibernate-core-6.2.2.Final.jar:6.2.2.Final]
	at org.hibernate.internal.SessionFactoryObserverChain.sessionFactoryCreated(SessionFactoryObserverChain.java:35) ~[hibernate-core-6.2.2.Final.jar:6.2.2.Final]
	at org.hibernate.internal.SessionFactoryImpl.<init>(SessionFactoryImpl.java:291) ~[hibernate-core-6.2.2.Final.jar:6.2.2.Final]
	at org.hibernate.boot.internal.SessionFactoryBuilderImpl.build(SessionFactoryBuilderImpl.java:431) ~[hibernate-core-6.2.2.Final.jar:6.2.2.Final]
	at org.hibernate.jpa.boot.internal.EntityManagerFactoryBuilderImpl.build(EntityManagerFactoryBuilderImpl.java:1455) ~[hibernate-core-6.2.2.Final.jar:6.2.2.Final]
	at org.springframework.orm.jpa.vendor.SpringHibernateJpaPersistenceProvider.createContainerEntityManagerFactory(SpringHibernateJpaPersistenceProvider.java:66) ~[spring-orm-6.0.9.jar:6.0.9]
	at org.springframework.orm.jpa.LocalContainerEntityManagerFactoryBean.createNativeEntityManagerFactory(LocalContainerEntityManagerFactoryBean.java:376) ~[spring-orm-6.0.9.jar:6.0.9]
	at org.springframework.orm.jpa.AbstractEntityManagerFactoryBean.buildNativeEntityManagerFactory(AbstractEntityManagerFactoryBean.java:409) ~[spring-orm-6.0.9.jar:6.0.9]
	at org.springframework.orm.jpa.AbstractEntityManagerFactoryBean.afterPropertiesSet(AbstractEntityManagerFactoryBean.java:396) ~[spring-orm-6.0.9.jar:6.0.9]
	at org.springframework.orm.jpa.LocalContainerEntityManagerFactoryBean.afterPropertiesSet(LocalContainerEntityManagerFactoryBean.java:352) ~[spring-orm-6.0.9.jar:6.0.9]
	at org.springframework.beans.factory.support.AbstractAutowireCapableBeanFactory.invokeInitMethods(AbstractAutowireCapableBeanFactory.java:1816) ~[spring-beans-6.0.9.jar:6.0.9]
	at org.springframework.beans.factory.support.AbstractAutowireCapableBeanFactory.initializeBean(AbstractAutowireCapableBeanFactory.java:1766) ~[spring-beans-6.0.9.jar:6.0.9]
	at org.springframework.beans.factory.support.AbstractAutowireCapableBeanFactory.doCreateBean(AbstractAutowireCapableBeanFactory.java:598) ~[spring-beans-6.0.9.jar:6.0.9]
	at org.springframework.beans.factory.support.AbstractAutowireCapableBeanFactory.createBean(AbstractAutowireCapableBeanFactory.java:520) ~[spring-beans-6.0.9.jar:6.0.9]
	at org.springframework.beans.factory.support.AbstractBeanFactory.lambda$doGetBean$0(AbstractBeanFactory.java:326) ~[spring-beans-6.0.9.jar:6.0.9]
	at org.springframework.beans.factory.support.DefaultSingletonBeanRegistry.getSingleton(DefaultSingletonBeanRegistry.java:234) ~[spring-beans-6.0.9.jar:6.0.9]
	at org.springframework.beans.factory.support.AbstractBeanFactory.doGetBean(AbstractBeanFactory.java:324) ~[spring-beans-6.0.9.jar:6.0.9]
	at org.springframework.beans.factory.support.AbstractBeanFactory.getBean(AbstractBeanFactory.java:200) ~[spring-beans-6.0.9.jar:6.0.9]
	at org.springframework.beans.factory.support.BeanDefinitionValueResolver.resolveReference(BeanDefinitionValueResolver.java:365) ~[spring-beans-6.0.9.jar:6.0.9]
	at org.springframework.beans.factory.support.BeanDefinitionValueResolver.resolveValueIfNecessary(BeanDefinitionValueResolver.java:135) ~[spring-beans-6.0.9.jar:6.0.9]
	at org.springframework.beans.factory.support.ConstructorResolver.resolveConstructorArguments(ConstructorResolver.java:693) ~[spring-beans-6.0.9.jar:6.0.9]
	at org.springframework.beans.factory.support.ConstructorResolver.instantiateUsingFactoryMethod(ConstructorResolver.java:517) ~[spring-beans-6.0.9.jar:6.0.9]
	at org.springframework.beans.factory.support.AbstractAutowireCapableBeanFactory.instantiateUsingFactoryMethod(AbstractAutowireCapableBeanFactory.java:1332) ~[spring-beans-6.0.9.jar:6.0.9]
	at org.springframework.beans.factory.support.AbstractAutowireCapableBeanFactory.createBeanInstance(AbstractAutowireCapableBeanFactory.java:1162) ~[spring-beans-6.0.9.jar:6.0.9]
	at org.springframework.beans.factory.support.AbstractAutowireCapableBeanFactory.doCreateBean(AbstractAutowireCapableBeanFactory.java:560) ~[spring-beans-6.0.9.jar:6.0.9]
	at org.springframework.beans.factory.support.AbstractAutowireCapableBeanFactory.createBean(AbstractAutowireCapableBeanFactory.java:520) ~[spring-beans-6.0.9.jar:6.0.9]
	at org.springframework.beans.factory.support.AbstractBeanFactory.lambda$doGetBean$0(AbstractBeanFactory.java:326) ~[spring-beans-6.0.9.jar:6.0.9]
	at org.springframework.beans.factory.support.DefaultSingletonBeanRegistry.getSingleton(DefaultSingletonBeanRegistry.java:234) ~[spring-beans-6.0.9.jar:6.0.9]
	at org.springframework.beans.factory.support.AbstractBeanFactory.doGetBean(AbstractBeanFactory.java:324) ~[spring-beans-6.0.9.jar:6.0.9]
	at org.springframework.beans.factory.support.AbstractBeanFactory.getBean(AbstractBeanFactory.java:200) ~[spring-beans-6.0.9.jar:6.0.9]
	at org.springframework.beans.factory.support.BeanDefinitionValueResolver.resolveReference(BeanDefinitionValueResolver.java:365) ~[spring-beans-6.0.9.jar:6.0.9]
	at org.springframework.beans.factory.support.BeanDefinitionValueResolver.resolveValueIfNecessary(BeanDefinitionValueResolver.java:135) ~[spring-beans-6.0.9.jar:6.0.9]
	at org.springframework.beans.factory.support.AbstractAutowireCapableBeanFactory.applyPropertyValues(AbstractAutowireCapableBeanFactory.java:1682) ~[spring-beans-6.0.9.jar:6.0.9]
	at org.springframework.beans.factory.support.AbstractAutowireCapableBeanFactory.populateBean(AbstractAutowireCapableBeanFactory.java:1431) ~[spring-beans-6.0.9.jar:6.0.9]
	at org.springframework.beans.factory.support.AbstractAutowireCapableBeanFactory.doCreateBean(AbstractAutowireCapableBeanFactory.java:597) ~[spring-beans-6.0.9.jar:6.0.9]
	at org.springframework.beans.factory.support.AbstractAutowireCapableBeanFactory.createBean(AbstractAutowireCapableBeanFactory.java:520) ~[spring-beans-6.0.9.jar:6.0.9]
	at org.springframework.beans.factory.support.AbstractBeanFactory.lambda$doGetBean$0(AbstractBeanFactory.java:326) ~[spring-beans-6.0.9.jar:6.0.9]
	at org.springframework.beans.factory.support.DefaultSingletonBeanRegistry.getSingleton(DefaultSingletonBeanRegistry.java:234) ~[spring-beans-6.0.9.jar:6.0.9]
	at org.springframework.beans.factory.support.AbstractBeanFactory.doGetBean(AbstractBeanFactory.java:324) ~[spring-beans-6.0.9.jar:6.0.9]
	at org.springframework.beans.factory.support.AbstractBeanFactory.getBean(AbstractBeanFactory.java:200) ~[spring-beans-6.0.9.jar:6.0.9]
	at org.springframework.beans.factory.config.DependencyDescriptor.resolveCandidate(DependencyDescriptor.java:254) ~[spring-beans-6.0.9.jar:6.0.9]
	at org.springframework.beans.factory.support.DefaultListableBeanFactory.doResolveDependency(DefaultListableBeanFactory.java:1417) ~[spring-beans-6.0.9.jar:6.0.9]
	at org.springframework.beans.factory.support.DefaultListableBeanFactory.resolveDependency(DefaultListableBeanFactory.java:1337) ~[spring-beans-6.0.9.jar:6.0.9]
	at org.springframework.beans.factory.support.ConstructorResolver.resolveAutowiredArgument(ConstructorResolver.java:888) ~[spring-beans-6.0.9.jar:6.0.9]
	at org.springframework.beans.factory.support.ConstructorResolver.createArgumentArray(ConstructorResolver.java:791) ~[spring-beans-6.0.9.jar:6.0.9]
	at org.springframework.beans.factory.support.ConstructorResolver.autowireConstructor(ConstructorResolver.java:245) ~[spring-beans-6.0.9.jar:6.0.9]
	at org.springframework.beans.factory.support.AbstractAutowireCapableBeanFactory.autowireConstructor(AbstractAutowireCapableBeanFactory.java:1352) ~[spring-beans-6.0.9.jar:6.0.9]
	at org.springframework.beans.factory.support.AbstractAutowireCapableBeanFactory.createBeanInstance(AbstractAutowireCapableBeanFactory.java:1189) ~[spring-beans-6.0.9.jar:6.0.9]
	at org.springframework.beans.factory.support.AbstractAutowireCapableBeanFactory.doCreateBean(AbstractAutowireCapableBeanFactory.java:560) ~[spring-beans-6.0.9.jar:6.0.9]
	at org.springframework.beans.factory.support.AbstractAutowireCapableBeanFactory.createBean(AbstractAutowireCapableBeanFactory.java:520) ~[spring-beans-6.0.9.jar:6.0.9]
	at org.springframework.beans.factory.support.AbstractBeanFactory.lambda$doGetBean$0(AbstractBeanFactory.java:326) ~[spring-beans-6.0.9.jar:6.0.9]
	at org.springframework.beans.factory.support.DefaultSingletonBeanRegistry.getSingleton(DefaultSingletonBeanRegistry.java:234) ~[spring-beans-6.0.9.jar:6.0.9]
	at org.springframework.beans.factory.support.AbstractBeanFactory.doGetBean(AbstractBeanFactory.java:324) ~[spring-beans-6.0.9.jar:6.0.9]
	at org.springframework.beans.factory.support.AbstractBeanFactory.getBean(AbstractBeanFactory.java:200) ~[spring-beans-6.0.9.jar:6.0.9]
	at org.springframework.beans.factory.config.DependencyDescriptor.resolveCandidate(DependencyDescriptor.java:254) ~[spring-beans-6.0.9.jar:6.0.9]
	at org.springframework.beans.factory.support.DefaultListableBeanFactory.doResolveDependency(DefaultListableBeanFactory.java:1417) ~[spring-beans-6.0.9.jar:6.0.9]
	at org.springframework.beans.factory.support.DefaultListableBeanFactory.resolveDependency(DefaultListableBeanFactory.java:1337) ~[spring-beans-6.0.9.jar:6.0.9]
	at org.springframework.beans.factory.annotation.AutowiredAnnotationBeanPostProcessor$AutowiredFieldElement.resolveFieldValue(AutowiredAnnotationBeanPostProcessor.java:710) ~[spring-beans-6.0.9.jar:6.0.9]
	at org.springframework.beans.factory.annotation.AutowiredAnnotationBeanPostProcessor$AutowiredFieldElement.inject(AutowiredAnnotationBeanPostProcessor.java:693) ~[spring-beans-6.0.9.jar:6.0.9]
	at org.springframework.beans.factory.annotation.InjectionMetadata.inject(InjectionMetadata.java:133) ~[spring-beans-6.0.9.jar:6.0.9]
	at org.springframework.beans.factory.annotation.AutowiredAnnotationBeanPostProcessor.postProcessProperties(AutowiredAnnotationBeanPostProcessor.java:482) ~[spring-beans-6.0.9.jar:6.0.9]
	at org.springframework.beans.factory.support.AbstractAutowireCapableBeanFactory.populateBean(AbstractAutowireCapableBeanFactory.java:1416) ~[spring-beans-6.0.9.jar:6.0.9]
	at org.springframework.beans.factory.support.AbstractAutowireCapableBeanFactory.doCreateBean(AbstractAutowireCapableBeanFactory.java:597) ~[spring-beans-6.0.9.jar:6.0.9]
	at org.springframework.beans.factory.support.AbstractAutowireCapableBeanFactory.createBean(AbstractAutowireCapableBeanFactory.java:520) ~[spring-beans-6.0.9.jar:6.0.9]
	at org.springframework.beans.factory.support.AbstractBeanFactory.lambda$doGetBean$0(AbstractBeanFactory.java:326) ~[spring-beans-6.0.9.jar:6.0.9]
	at org.springframework.beans.factory.support.DefaultSingletonBeanRegistry.getSingleton(DefaultSingletonBeanRegistry.java:234) ~[spring-beans-6.0.9.jar:6.0.9]
	at org.springframework.beans.factory.support.AbstractBeanFactory.doGetBean(AbstractBeanFactory.java:324) ~[spring-beans-6.0.9.jar:6.0.9]
	at org.springframework.beans.factory.support.AbstractBeanFactory.getBean(AbstractBeanFactory.java:200) ~[spring-beans-6.0.9.jar:6.0.9]
	at org.springframework.beans.factory.support.ConstructorResolver.instantiateUsingFactoryMethod(ConstructorResolver.java:417) ~[spring-beans-6.0.9.jar:6.0.9]
	at org.springframework.beans.factory.support.AbstractAutowireCapableBeanFactory.instantiateUsingFactoryMethod(AbstractAutowireCapableBeanFactory.java:1332) ~[spring-beans-6.0.9.jar:6.0.9]
	at org.springframework.beans.factory.support.AbstractAutowireCapableBeanFactory.createBeanInstance(AbstractAutowireCapableBeanFactory.java:1162) ~[spring-beans-6.0.9.jar:6.0.9]
	at org.springframework.beans.factory.support.AbstractAutowireCapableBeanFactory.doCreateBean(AbstractAutowireCapableBeanFactory.java:560) ~[spring-beans-6.0.9.jar:6.0.9]
	at org.springframework.beans.factory.support.AbstractAutowireCapableBeanFactory.createBean(AbstractAutowireCapableBeanFactory.java:520) ~[spring-beans-6.0.9.jar:6.0.9]
	at org.springframework.beans.factory.support.AbstractBeanFactory.lambda$doGetBean$0(AbstractBeanFactory.java:326) ~[spring-beans-6.0.9.jar:6.0.9]
	at org.springframework.beans.factory.support.DefaultSingletonBeanRegistry.getSingleton(DefaultSingletonBeanRegistry.java:234) ~[spring-beans-6.0.9.jar:6.0.9]
	at org.springframework.beans.factory.support.AbstractBeanFactory.doGetBean(AbstractBeanFactory.java:324) ~[spring-beans-6.0.9.jar:6.0.9]
	at org.springframework.beans.factory.support.AbstractBeanFactory.getBean(AbstractBeanFactory.java:205) ~[spring-beans-6.0.9.jar:6.0.9]
	at org.springframework.boot.web.servlet.ServletContextInitializerBeans.getOrderedBeansOfType(ServletContextInitializerBeans.java:210) ~[spring-boot-3.1.0.jar:3.1.0]
	at org.springframework.boot.web.servlet.ServletContextInitializerBeans.addAsRegistrationBean(ServletContextInitializerBeans.java:173) ~[spring-boot-3.1.0.jar:3.1.0]
	at org.springframework.boot.web.servlet.ServletContextInitializerBeans.addAsRegistrationBean(ServletContextInitializerBeans.java:168) ~[spring-boot-3.1.0.jar:3.1.0]
	at org.springframework.boot.web.servlet.ServletContextInitializerBeans.addAdaptableBeans(ServletContextInitializerBeans.java:153) ~[spring-boot-3.1.0.jar:3.1.0]
	at org.springframework.boot.web.servlet.ServletContextInitializerBeans.<init>(ServletContextInitializerBeans.java:86) ~[spring-boot-3.1.0.jar:3.1.0]
	at org.springframework.boot.web.servlet.context.ServletWebServerApplicationContext.getServletContextInitializerBeans(ServletWebServerApplicationContext.java:261) ~[spring-boot-3.1.0.jar:3.1.0]
	at org.springframework.boot.web.servlet.context.ServletWebServerApplicationContext.selfInitialize(ServletWebServerApplicationContext.java:235) ~[spring-boot-3.1.0.jar:3.1.0]
	at org.springframework.boot.web.embedded.tomcat.TomcatStarter.onStartup(TomcatStarter.java:52) ~[spring-boot-3.1.0.jar:3.1.0]
	at org.apache.catalina.core.StandardContext.startInternal(StandardContext.java:4882) ~[tomcat-embed-core-10.1.8.jar:10.1.8]
	at org.apache.catalina.util.LifecycleBase.start(LifecycleBase.java:183) ~[tomcat-embed-core-10.1.8.jar:10.1.8]
	at org.apache.catalina.core.ContainerBase$StartChild.call(ContainerBase.java:1332) ~[tomcat-embed-core-10.1.8.jar:10.1.8]
	at org.apache.catalina.core.ContainerBase$StartChild.call(ContainerBase.java:1322) ~[tomcat-embed-core-10.1.8.jar:10.1.8]
	at java.base/java.util.concurrent.FutureTask.run$$$capture(FutureTask.java:317) ~[na:na]
	at java.base/java.util.concurrent.FutureTask.run(FutureTask.java) ~[na:na]
	at org.apache.tomcat.util.threads.InlineExecutorService.execute(InlineExecutorService.java:75) ~[tomcat-embed-core-10.1.8.jar:10.1.8]
	at java.base/java.util.concurrent.AbstractExecutorService.submit(AbstractExecutorService.java:148) ~[na:na]
	at org.apache.catalina.core.ContainerBase.startInternal(ContainerBase.java:871) ~[tomcat-embed-core-10.1.8.jar:10.1.8]
	at org.apache.catalina.core.StandardHost.startInternal(StandardHost.java:846) ~[tomcat-embed-core-10.1.8.jar:10.1.8]
	at org.apache.catalina.util.LifecycleBase.start(LifecycleBase.java:183) ~[tomcat-embed-core-10.1.8.jar:10.1.8]
	at org.apache.catalina.core.ContainerBase$StartChild.call(ContainerBase.java:1332) ~[tomcat-embed-core-10.1.8.jar:10.1.8]
	at org.apache.catalina.core.ContainerBase$StartChild.call(ContainerBase.java:1322) ~[tomcat-embed-core-10.1.8.jar:10.1.8]
	at java.base/java.util.concurrent.FutureTask.run$$$capture(FutureTask.java:317) ~[na:na]
	at java.base/java.util.concurrent.FutureTask.run(FutureTask.java) ~[na:na]
	at org.apache.tomcat.util.threads.InlineExecutorService.execute(InlineExecutorService.java:75) ~[tomcat-embed-core-10.1.8.jar:10.1.8]
	at java.base/java.util.concurrent.AbstractExecutorService.submit(AbstractExecutorService.java:148) ~[na:na]
	at org.apache.catalina.core.ContainerBase.startInternal(ContainerBase.java:871) ~[tomcat-embed-core-10.1.8.jar:10.1.8]
	at org.apache.catalina.core.StandardEngine.startInternal(StandardEngine.java:241) ~[tomcat-embed-core-10.1.8.jar:10.1.8]
	at org.apache.catalina.util.LifecycleBase.start(LifecycleBase.java:183) ~[tomcat-embed-core-10.1.8.jar:10.1.8]
	at org.apache.catalina.core.StandardService.startInternal(StandardService.java:428) ~[tomcat-embed-core-10.1.8.jar:10.1.8]
	at org.apache.catalina.util.LifecycleBase.start(LifecycleBase.java:183) ~[tomcat-embed-core-10.1.8.jar:10.1.8]
	at org.apache.catalina.core.StandardServer.startInternal(StandardServer.java:913) ~[tomcat-embed-core-10.1.8.jar:10.1.8]
	at org.apache.catalina.util.LifecycleBase.start(LifecycleBase.java:183) ~[tomcat-embed-core-10.1.8.jar:10.1.8]
	at org.apache.catalina.startup.Tomcat.start(Tomcat.java:485) ~[tomcat-embed-core-10.1.8.jar:10.1.8]
	at org.springframework.boot.web.embedded.tomcat.TomcatWebServer.initialize(TomcatWebServer.java:123) ~[spring-boot-3.1.0.jar:3.1.0]
	at org.springframework.boot.web.embedded.tomcat.TomcatWebServer.<init>(TomcatWebServer.java:104) ~[spring-boot-3.1.0.jar:3.1.0]
	at org.springframework.boot.web.embedded.tomcat.TomcatServletWebServerFactory.getTomcatWebServer(TomcatServletWebServerFactory.java:489) ~[spring-boot-3.1.0.jar:3.1.0]
	at org.springframework.boot.web.embedded.tomcat.TomcatServletWebServerFactory.getWebServer(TomcatServletWebServerFactory.java:211) ~[spring-boot-3.1.0.jar:3.1.0]
	at org.springframework.boot.web.servlet.context.ServletWebServerApplicationContext.createWebServer(ServletWebServerApplicationContext.java:183) ~[spring-boot-3.1.0.jar:3.1.0]
	at org.springframework.boot.web.servlet.context.ServletWebServerApplicationContext.onRefresh(ServletWebServerApplicationContext.java:161) ~[spring-boot-3.1.0.jar:3.1.0]
	at org.springframework.context.support.AbstractApplicationContext.refresh(AbstractApplicationContext.java:602) ~[spring-context-6.0.9.jar:6.0.9]
	at org.springframework.boot.web.servlet.context.ServletWebServerApplicationContext.refresh(ServletWebServerApplicationContext.java:146) ~[spring-boot-3.1.0.jar:3.1.0]
	at org.springframework.boot.SpringApplication.refresh(SpringApplication.java:733) ~[spring-boot-3.1.0.jar:3.1.0]
	at org.springframework.boot.SpringApplication.refreshContext(SpringApplication.java:435) ~[spring-boot-3.1.0.jar:3.1.0]
	at org.springframework.boot.SpringApplication.run(SpringApplication.java:311) ~[spring-boot-3.1.0.jar:3.1.0]
	at org.springframework.boot.SpringApplication.run(SpringApplication.java:1305) ~[spring-boot-3.1.0.jar:3.1.0]
	at org.springframework.boot.SpringApplication.run(SpringApplication.java:1294) ~[spring-boot-3.1.0.jar:3.1.0]
	at com.bezkoder.springjwt.SpringBootSecurityJwtApplication.main(SpringBootSecurityJwtApplication.java:10) ~[classes/:na]
Caused by: com.mysql.cj.exceptions.CJCommunicationsException: Communications link failure

The last packet sent successfully to the server was 0 milliseconds ago. The driver has not received any packets from the server.
	at java.base/jdk.internal.reflect.DirectConstructorHandleAccessor.newInstance(DirectConstructorHandleAccessor.java:62) ~[na:na]
	at java.base/java.lang.reflect.Constructor.newInstanceWithCaller(Constructor.java:501) ~[na:na]
	at java.base/java.lang.reflect.Constructor.newInstance(Constructor.java:485) ~[na:na]
	at com.mysql.cj.exceptions.ExceptionFactory.createException(ExceptionFactory.java:62) ~[mysql-connector-j-8.0.33.jar:8.0.33]
	at com.mysql.cj.exceptions.ExceptionFactory.createException(ExceptionFactory.java:105) ~[mysql-connector-j-8.0.33.jar:8.0.33]
	at com.mysql.cj.exceptions.ExceptionFactory.createException(ExceptionFactory.java:150) ~[mysql-connector-j-8.0.33.jar:8.0.33]
	at com.mysql.cj.exceptions.ExceptionFactory.createCommunicationsException(ExceptionFactory.java:166) ~[mysql-connector-j-8.0.33.jar:8.0.33]
	at com.mysql.cj.protocol.a.NativeSocketConnection.connect(NativeSocketConnection.java:89) ~[mysql-connector-j-8.0.33.jar:8.0.33]
	at com.mysql.cj.NativeSession.connect(NativeSession.java:121) ~[mysql-connector-j-8.0.33.jar:8.0.33]
	at com.mysql.cj.jdbc.ConnectionImpl.connectOneTryOnly(ConnectionImpl.java:945) ~[mysql-connector-j-8.0.33.jar:8.0.33]
	at com.mysql.cj.jdbc.ConnectionImpl.createNewIO(ConnectionImpl.java:815) ~[mysql-connector-j-8.0.33.jar:8.0.33]
	... 150 common frames omitted
Caused by: java.net.SocketException: Network is unreachable
	at java.base/sun.nio.ch.Net.connect0(Native Method) ~[na:na]
	at java.base/sun.nio.ch.Net.connect(Net.java:589) ~[na:na]
	at java.base/sun.nio.ch.Net.connect(Net.java:578) ~[na:na]
	at java.base/sun.nio.ch.NioSocketImpl.connect(NioSocketImpl.java:583) ~[na:na]
	at java.base/java.net.SocksSocketImpl.connect(SocksSocketImpl.java:327) ~[na:na]
	at java.base/java.net.Socket.connect(Socket.java:760) ~[na:na]
	at com.mysql.cj.protocol.StandardSocketFactory.connect(StandardSocketFactory.java:153) ~[mysql-connector-j-8.0.33.jar:8.0.33]
	at com.mysql.cj.protocol.a.NativeSocketConnection.connect(NativeSocketConnection.java:63) ~[mysql-connector-j-8.0.33.jar:8.0.33]
	... 153 common frames omitted

2025-08-01T09:55:23.041+03:00  WARN 22560 --- [main] o.h.engine.jdbc.spi.SqlExceptionHelper   : SQL Error: 0, SQLState: 08S01
2025-08-01T09:55:23.041+03:00 ERROR 22560 --- [main] o.h.engine.jdbc.spi.SqlExceptionHelper   : Communications link failure

The last packet sent successfully to the server was 0 milliseconds ago. The driver has not received any packets from the server.
2025-08-01T09:55:23.056+03:00 ERROR 22560 --- [main] j.LocalContainerEntityManagerFactoryBean : Failed to initialize JPA EntityManagerFactory: [PersistenceUnit: default] Unable to build Hibernate SessionFactory; nested exception is org.hibernate.exception.JDBCConnectionException: Unable to open JDBC Connection for DDL execution [Communications link failure

The last packet sent successfully to the server was 0 milliseconds ago. The driver has not received any packets from the server.] [n/a]
2025-08-01T09:55:23.058+03:00 ERROR 22560 --- [main] o.s.b.web.embedded.tomcat.TomcatStarter  : Error starting Tomcat context. Exception: org.springframework.beans.factory.UnsatisfiedDependencyException. Message: Error creating bean with name 'webSecurityConfig': Unsatisfied dependency expressed through field 'userDetailsService': Error creating bean with name 'userDetailsServiceImpl' defined in file [/Users/tymofiishulha/Documents/Magazine/spring-boot-spring-security-jwt-authentication-master/target/classes/com/bezkoder/springjwt/security/services/UserDetailsServiceImpl.class]: Unsatisfied dependency expressed through constructor parameter 0: Error creating bean with name 'userRepository' defined in com.bezkoder.springjwt.repository.UserRepository defined in @EnableJpaRepositories declared on JpaRepositoriesRegistrar.EnableJpaRepositoriesConfiguration: Cannot resolve reference to bean 'jpaSharedEM_entityManagerFactory' while setting bean property 'entityManager'
2025-08-01T09:55:23.082+03:00  INFO 22560 --- [main] o.apache.catalina.core.StandardService   : Stopping service [Tomcat]
2025-08-01T09:55:23.087+03:00  WARN 22560 --- [main] ConfigServletWebServerApplicationContext : Exception encountered during context initialization - cancelling refresh attempt: org.springframework.context.ApplicationContextException: Unable to start web server
2025-08-01T09:55:23.094+03:00  INFO 22560 --- [main] .s.b.a.l.ConditionEvaluationReportLogger : 

Error starting ApplicationContext. To display the condition evaluation report re-run your application with 'debug' enabled.
2025-08-01T09:55:23.103+03:00 ERROR 22560 --- [main] o.s.boot.SpringApplication               : Application run failed

org.springframework.context.ApplicationContextException: Unable to start web server
	at org.springframework.boot.web.servlet.context.ServletWebServerApplicationContext.onRefresh(ServletWebServerApplicationContext.java:164) ~[spring-boot-3.1.0.jar:3.1.0]
	at org.springframework.context.support.AbstractApplicationContext.refresh(AbstractApplicationContext.java:602) ~[spring-context-6.0.9.jar:6.0.9]
	at org.springframework.boot.web.servlet.context.ServletWebServerApplicationContext.refresh(ServletWebServerApplicationContext.java:146) ~[spring-boot-3.1.0.jar:3.1.0]
	at org.springframework.boot.SpringApplication.refresh(SpringApplication.java:733) ~[spring-boot-3.1.0.jar:3.1.0]
	at org.springframework.boot.SpringApplication.refreshContext(SpringApplication.java:435) ~[spring-boot-3.1.0.jar:3.1.0]
	at org.springframework.boot.SpringApplication.run(SpringApplication.java:311) ~[spring-boot-3.1.0.jar:3.1.0]
	at org.springframework.boot.SpringApplication.run(SpringApplication.java:1305) ~[spring-boot-3.1.0.jar:3.1.0]
	at org.springframework.boot.SpringApplication.run(SpringApplication.java:1294) ~[spring-boot-3.1.0.jar:3.1.0]
	at com.bezkoder.springjwt.SpringBootSecurityJwtApplication.main(SpringBootSecurityJwtApplication.java:10) ~[classes/:na]
Caused by: org.springframework.boot.web.server.WebServerException: Unable to start embedded Tomcat
	at org.springframework.boot.web.embedded.tomcat.TomcatWebServer.initialize(TomcatWebServer.java:142) ~[spring-boot-3.1.0.jar:3.1.0]
	at org.springframework.boot.web.embedded.tomcat.TomcatWebServer.<init>(TomcatWebServer.java:104) ~[spring-boot-3.1.0.jar:3.1.0]
	at org.springframework.boot.web.embedded.tomcat.TomcatServletWebServerFactory.getTomcatWebServer(TomcatServletWebServerFactory.java:489) ~[spring-boot-3.1.0.jar:3.1.0]
	at org.springframework.boot.web.embedded.tomcat.TomcatServletWebServerFactory.getWebServer(TomcatServletWebServerFactory.java:211) ~[spring-boot-3.1.0.jar:3.1.0]
	at org.springframework.boot.web.servlet.context.ServletWebServerApplicationContext.createWebServer(ServletWebServerApplicationContext.java:183) ~[spring-boot-3.1.0.jar:3.1.0]
	at org.springframework.boot.web.servlet.context.ServletWebServerApplicationContext.onRefresh(ServletWebServerApplicationContext.java:161) ~[spring-boot-3.1.0.jar:3.1.0]
	... 8 common frames omitted
Caused by: org.springframework.beans.factory.UnsatisfiedDependencyException: Error creating bean with name 'webSecurityConfig': Unsatisfied dependency expressed through field 'userDetailsService': Error creating bean with name 'userDetailsServiceImpl' defined in file [/Users/tymofiishulha/Documents/Magazine/spring-boot-spring-security-jwt-authentication-master/target/classes/com/bezkoder/springjwt/security/services/UserDetailsServiceImpl.class]: Unsatisfied dependency expressed through constructor parameter 0: Error creating bean with name 'userRepository' defined in com.bezkoder.springjwt.repository.UserRepository defined in @EnableJpaRepositories declared on JpaRepositoriesRegistrar.EnableJpaRepositoriesConfiguration: Cannot resolve reference to bean 'jpaSharedEM_entityManagerFactory' while setting bean property 'entityManager'
	at org.springframework.beans.factory.annotation.AutowiredAnnotationBeanPostProcessor$AutowiredFieldElement.resolveFieldValue(AutowiredAnnotationBeanPostProcessor.java:713) ~[spring-beans-6.0.9.jar:6.0.9]
	at org.springframework.beans.factory.annotation.AutowiredAnnotationBeanPostProcessor$AutowiredFieldElement.inject(AutowiredAnnotationBeanPostProcessor.java:693) ~[spring-beans-6.0.9.jar:6.0.9]
	at org.springframework.beans.factory.annotation.InjectionMetadata.inject(InjectionMetadata.java:133) ~[spring-beans-6.0.9.jar:6.0.9]
	at org.springframework.beans.factory.annotation.AutowiredAnnotationBeanPostProcessor.postProcessProperties(AutowiredAnnotationBeanPostProcessor.java:482) ~[spring-beans-6.0.9.jar:6.0.9]
	at org.springframework.beans.factory.support.AbstractAutowireCapableBeanFactory.populateBean(AbstractAutowireCapableBeanFactory.java:1416) ~[spring-beans-6.0.9.jar:6.0.9]
	at org.springframework.beans.factory.support.AbstractAutowireCapableBeanFactory.doCreateBean(AbstractAutowireCapableBeanFactory.java:597) ~[spring-beans-6.0.9.jar:6.0.9]
	at org.springframework.beans.factory.support.AbstractAutowireCapableBeanFactory.createBean(AbstractAutowireCapableBeanFactory.java:520) ~[spring-beans-6.0.9.jar:6.0.9]
	at org.springframework.beans.factory.support.AbstractBeanFactory.lambda$doGetBean$0(AbstractBeanFactory.java:326) ~[spring-beans-6.0.9.jar:6.0.9]
	at org.springframework.beans.factory.support.DefaultSingletonBeanRegistry.getSingleton(DefaultSingletonBeanRegistry.java:234) ~[spring-beans-6.0.9.jar:6.0.9]
	at org.springframework.beans.factory.support.AbstractBeanFactory.doGetBean(AbstractBeanFactory.java:324) ~[spring-beans-6.0.9.jar:6.0.9]
	at org.springframework.beans.factory.support.AbstractBeanFactory.getBean(AbstractBeanFactory.java:200) ~[spring-beans-6.0.9.jar:6.0.9]
	at org.springframework.beans.factory.support.ConstructorResolver.instantiateUsingFactoryMethod(ConstructorResolver.java:417) ~[spring-beans-6.0.9.jar:6.0.9]
	at org.springframework.beans.factory.support.AbstractAutowireCapableBeanFactory.instantiateUsingFactoryMethod(AbstractAutowireCapableBeanFactory.java:1332) ~[spring-beans-6.0.9.jar:6.0.9]
	at org.springframework.beans.factory.support.AbstractAutowireCapableBeanFactory.createBeanInstance(AbstractAutowireCapableBeanFactory.java:1162) ~[spring-beans-6.0.9.jar:6.0.9]
	at org.springframework.beans.factory.support.AbstractAutowireCapableBeanFactory.doCreateBean(AbstractAutowireCapableBeanFactory.java:560) ~[spring-beans-6.0.9.jar:6.0.9]
	at org.springframework.beans.factory.support.AbstractAutowireCapableBeanFactory.createBean(AbstractAutowireCapableBeanFactory.java:520) ~[spring-beans-6.0.9.jar:6.0.9]
	at org.springframework.beans.factory.support.AbstractBeanFactory.lambda$doGetBean$0(AbstractBeanFactory.java:326) ~[spring-beans-6.0.9.jar:6.0.9]
	at org.springframework.beans.factory.support.DefaultSingletonBeanRegistry.getSingleton(DefaultSingletonBeanRegistry.java:234) ~[spring-beans-6.0.9.jar:6.0.9]
	at org.springframework.beans.factory.support.AbstractBeanFactory.doGetBean(AbstractBeanFactory.java:324) ~[spring-beans-6.0.9.jar:6.0.9]
	at org.springframework.beans.factory.support.AbstractBeanFactory.getBean(AbstractBeanFactory.java:205) ~[spring-beans-6.0.9.jar:6.0.9]
	at org.springframework.boot.web.servlet.ServletContextInitializerBeans.getOrderedBeansOfType(ServletContextInitializerBeans.java:210) ~[spring-boot-3.1.0.jar:3.1.0]
	at org.springframework.boot.web.servlet.ServletContextInitializerBeans.addAsRegistrationBean(ServletContextInitializerBeans.java:173) ~[spring-boot-3.1.0.jar:3.1.0]
	at org.springframework.boot.web.servlet.ServletContextInitializerBeans.addAsRegistrationBean(ServletContextInitializerBeans.java:168) ~[spring-boot-3.1.0.jar:3.1.0]
	at org.springframework.boot.web.servlet.ServletContextInitializerBeans.addAdaptableBeans(ServletContextInitializerBeans.java:153) ~[spring-boot-3.1.0.jar:3.1.0]
	at org.springframework.boot.web.servlet.ServletContextInitializerBeans.<init>(ServletContextInitializerBeans.java:86) ~[spring-boot-3.1.0.jar:3.1.0]
	at org.springframework.boot.web.servlet.context.ServletWebServerApplicationContext.getServletContextInitializerBeans(ServletWebServerApplicationContext.java:261) ~[spring-boot-3.1.0.jar:3.1.0]
	at org.springframework.boot.web.servlet.context.ServletWebServerApplicationContext.selfInitialize(ServletWebServerApplicationContext.java:235) ~[spring-boot-3.1.0.jar:3.1.0]
	at org.springframework.boot.web.embedded.tomcat.TomcatStarter.onStartup(TomcatStarter.java:52) ~[spring-boot-3.1.0.jar:3.1.0]
	at org.apache.catalina.core.StandardContext.startInternal(StandardContext.java:4882) ~[tomcat-embed-core-10.1.8.jar:10.1.8]
	at org.apache.catalina.util.LifecycleBase.start(LifecycleBase.java:183) ~[tomcat-embed-core-10.1.8.jar:10.1.8]
	at org.apache.catalina.core.ContainerBase$StartChild.call(ContainerBase.java:1332) ~[tomcat-embed-core-10.1.8.jar:10.1.8]
	at org.apache.catalina.core.ContainerBase$StartChild.call(ContainerBase.java:1322) ~[tomcat-embed-core-10.1.8.jar:10.1.8]
	at java.base/java.util.concurrent.FutureTask.run$$$capture(FutureTask.java:317) ~[na:na]
	at java.base/java.util.concurrent.FutureTask.run(FutureTask.java) ~[na:na]
	at org.apache.tomcat.util.threads.InlineExecutorService.execute(InlineExecutorService.java:75) ~[tomcat-embed-core-10.1.8.jar:10.1.8]
	at java.base/java.util.concurrent.AbstractExecutorService.submit(AbstractExecutorService.java:148) ~[na:na]
	at org.apache.catalina.core.ContainerBase.startInternal(ContainerBase.java:871) ~[tomcat-embed-core-10.1.8.jar:10.1.8]
	at org.apache.catalina.core.StandardHost.startInternal(StandardHost.java:846) ~[tomcat-embed-core-10.1.8.jar:10.1.8]
	at org.apache.catalina.util.LifecycleBase.start(LifecycleBase.java:183) ~[tomcat-embed-core-10.1.8.jar:10.1.8]
	at org.apache.catalina.core.ContainerBase$StartChild.call(ContainerBase.java:1332) ~[tomcat-embed-core-10.1.8.jar:10.1.8]
	at org.apache.catalina.core.ContainerBase$StartChild.call(ContainerBase.java:1322) ~[tomcat-embed-core-10.1.8.jar:10.1.8]
	at java.base/java.util.concurrent.FutureTask.run$$$capture(FutureTask.java:317) ~[na:na]
	at java.base/java.util.concurrent.FutureTask.run(FutureTask.java) ~[na:na]
	at org.apache.tomcat.util.threads.InlineExecutorService.execute(InlineExecutorService.java:75) ~[tomcat-embed-core-10.1.8.jar:10.1.8]
	at java.base/java.util.concurrent.AbstractExecutorService.submit(AbstractExecutorService.java:148) ~[na:na]
	at org.apache.catalina.core.ContainerBase.startInternal(ContainerBase.java:871) ~[tomcat-embed-core-10.1.8.jar:10.1.8]
	at org.apache.catalina.core.StandardEngine.startInternal(StandardEngine.java:241) ~[tomcat-embed-core-10.1.8.jar:10.1.8]
	at org.apache.catalina.util.LifecycleBase.start(LifecycleBase.java:183) ~[tomcat-embed-core-10.1.8.jar:10.1.8]
	at org.apache.catalina.core.StandardService.startInternal(StandardService.java:428) ~[tomcat-embed-core-10.1.8.jar:10.1.8]
	at org.apache.catalina.util.LifecycleBase.start(LifecycleBase.java:183) ~[tomcat-embed-core-10.1.8.jar:10.1.8]
	at org.apache.catalina.core.StandardServer.startInternal(StandardServer.java:913) ~[tomcat-embed-core-10.1.8.jar:10.1.8]
	at org.apache.catalina.util.LifecycleBase.start(LifecycleBase.java:183) ~[tomcat-embed-core-10.1.8.jar:10.1.8]
	at org.apache.catalina.startup.Tomcat.start(Tomcat.java:485) ~[tomcat-embed-core-10.1.8.jar:10.1.8]
	at org.springframework.boot.web.embedded.tomcat.TomcatWebServer.initialize(TomcatWebServer.java:123) ~[spring-boot-3.1.0.jar:3.1.0]
	... 13 common frames omitted
Caused by: org.springframework.beans.factory.UnsatisfiedDependencyException: Error creating bean with name 'userDetailsServiceImpl' defined in file [/Users/tymofiishulha/Documents/Magazine/spring-boot-spring-security-jwt-authentication-master/target/classes/com/bezkoder/springjwt/security/services/UserDetailsServiceImpl.class]: Unsatisfied dependency expressed through constructor parameter 0: Error creating bean with name 'userRepository' defined in com.bezkoder.springjwt.repository.UserRepository defined in @EnableJpaRepositories declared on JpaRepositoriesRegistrar.EnableJpaRepositoriesConfiguration: Cannot resolve reference to bean 'jpaSharedEM_entityManagerFactory' while setting bean property 'entityManager'
	at org.springframework.beans.factory.support.ConstructorResolver.createArgumentArray(ConstructorResolver.java:800) ~[spring-beans-6.0.9.jar:6.0.9]
	at org.springframework.beans.factory.support.ConstructorResolver.autowireConstructor(ConstructorResolver.java:245) ~[spring-beans-6.0.9.jar:6.0.9]
	at org.springframework.beans.factory.support.AbstractAutowireCapableBeanFactory.autowireConstructor(AbstractAutowireCapableBeanFactory.java:1352) ~[spring-beans-6.0.9.jar:6.0.9]
	at org.springframework.beans.factory.support.AbstractAutowireCapableBeanFactory.createBeanInstance(AbstractAutowireCapableBeanFactory.java:1189) ~[spring-beans-6.0.9.jar:6.0.9]
	at org.springframework.beans.factory.support.AbstractAutowireCapableBeanFactory.doCreateBean(AbstractAutowireCapableBeanFactory.java:560) ~[spring-beans-6.0.9.jar:6.0.9]
	at org.springframework.beans.factory.support.AbstractAutowireCapableBeanFactory.createBean(AbstractAutowireCapableBeanFactory.java:520) ~[spring-beans-6.0.9.jar:6.0.9]
	at org.springframework.beans.factory.support.AbstractBeanFactory.lambda$doGetBean$0(AbstractBeanFactory.java:326) ~[spring-beans-6.0.9.jar:6.0.9]
	at org.springframework.beans.factory.support.DefaultSingletonBeanRegistry.getSingleton(DefaultSingletonBeanRegistry.java:234) ~[spring-beans-6.0.9.jar:6.0.9]
	at org.springframework.beans.factory.support.AbstractBeanFactory.doGetBean(AbstractBeanFactory.java:324) ~[spring-beans-6.0.9.jar:6.0.9]
	at org.springframework.beans.factory.support.AbstractBeanFactory.getBean(AbstractBeanFactory.java:200) ~[spring-beans-6.0.9.jar:6.0.9]
	at org.springframework.beans.factory.config.DependencyDescriptor.resolveCandidate(DependencyDescriptor.java:254) ~[spring-beans-6.0.9.jar:6.0.9]
	at org.springframework.beans.factory.support.DefaultListableBeanFactory.doResolveDependency(DefaultListableBeanFactory.java:1417) ~[spring-beans-6.0.9.jar:6.0.9]
	at org.springframework.beans.factory.support.DefaultListableBeanFactory.resolveDependency(DefaultListableBeanFactory.java:1337) ~[spring-beans-6.0.9.jar:6.0.9]
	at org.springframework.beans.factory.annotation.AutowiredAnnotationBeanPostProcessor$AutowiredFieldElement.resolveFieldValue(AutowiredAnnotationBeanPostProcessor.java:710) ~[spring-beans-6.0.9.jar:6.0.9]
	... 66 common frames omitted
Caused by: org.springframework.beans.factory.BeanCreationException: Error creating bean with name 'userRepository' defined in com.bezkoder.springjwt.repository.UserRepository defined in @EnableJpaRepositories declared on JpaRepositoriesRegistrar.EnableJpaRepositoriesConfiguration: Cannot resolve reference to bean 'jpaSharedEM_entityManagerFactory' while setting bean property 'entityManager'
	at org.springframework.beans.factory.support.BeanDefinitionValueResolver.resolveReference(BeanDefinitionValueResolver.java:377) ~[spring-beans-6.0.9.jar:6.0.9]
	at org.springframework.beans.factory.support.BeanDefinitionValueResolver.resolveValueIfNecessary(BeanDefinitionValueResolver.java:135) ~[spring-beans-6.0.9.jar:6.0.9]
	at org.springframework.beans.factory.support.AbstractAutowireCapableBeanFactory.applyPropertyValues(AbstractAutowireCapableBeanFactory.java:1682) ~[spring-beans-6.0.9.jar:6.0.9]
	at org.springframework.beans.factory.support.AbstractAutowireCapableBeanFactory.populateBean(AbstractAutowireCapableBeanFactory.java:1431) ~[spring-beans-6.0.9.jar:6.0.9]
	at org.springframework.beans.factory.support.AbstractAutowireCapableBeanFactory.doCreateBean(AbstractAutowireCapableBeanFactory.java:597) ~[spring-beans-6.0.9.jar:6.0.9]
	at org.springframework.beans.factory.support.AbstractAutowireCapableBeanFactory.createBean(AbstractAutowireCapableBeanFactory.java:520) ~[spring-beans-6.0.9.jar:6.0.9]
	at org.springframework.beans.factory.support.AbstractBeanFactory.lambda$doGetBean$0(AbstractBeanFactory.java:326) ~[spring-beans-6.0.9.jar:6.0.9]
	at org.springframework.beans.factory.support.DefaultSingletonBeanRegistry.getSingleton(DefaultSingletonBeanRegistry.java:234) ~[spring-beans-6.0.9.jar:6.0.9]
	at org.springframework.beans.factory.support.AbstractBeanFactory.doGetBean(AbstractBeanFactory.java:324) ~[spring-beans-6.0.9.jar:6.0.9]
	at org.springframework.beans.factory.support.AbstractBeanFactory.getBean(AbstractBeanFactory.java:200) ~[spring-beans-6.0.9.jar:6.0.9]
	at org.springframework.beans.factory.config.DependencyDescriptor.resolveCandidate(DependencyDescriptor.java:254) ~[spring-beans-6.0.9.jar:6.0.9]
	at org.springframework.beans.factory.support.DefaultListableBeanFactory.doResolveDependency(DefaultListableBeanFactory.java:1417) ~[spring-beans-6.0.9.jar:6.0.9]
	at org.springframework.beans.factory.support.DefaultListableBeanFactory.resolveDependency(DefaultListableBeanFactory.java:1337) ~[spring-beans-6.0.9.jar:6.0.9]
	at org.springframework.beans.factory.support.ConstructorResolver.resolveAutowiredArgument(ConstructorResolver.java:888) ~[spring-beans-6.0.9.jar:6.0.9]
	at org.springframework.beans.factory.support.ConstructorResolver.createArgumentArray(ConstructorResolver.java:791) ~[spring-beans-6.0.9.jar:6.0.9]
	... 79 common frames omitted
Caused by: org.springframework.beans.factory.BeanCreationException: Error creating bean with name 'jpaSharedEM_entityManagerFactory': Cannot resolve reference to bean 'entityManagerFactory' while setting constructor argument
	at org.springframework.beans.factory.support.BeanDefinitionValueResolver.resolveReference(BeanDefinitionValueResolver.java:377) ~[spring-beans-6.0.9.jar:6.0.9]
	at org.springframework.beans.factory.support.BeanDefinitionValueResolver.resolveValueIfNecessary(BeanDefinitionValueResolver.java:135) ~[spring-beans-6.0.9.jar:6.0.9]
	at org.springframework.beans.factory.support.ConstructorResolver.resolveConstructorArguments(ConstructorResolver.java:693) ~[spring-beans-6.0.9.jar:6.0.9]
	at org.springframework.beans.factory.support.ConstructorResolver.instantiateUsingFactoryMethod(ConstructorResolver.java:517) ~[spring-beans-6.0.9.jar:6.0.9]
	at org.springframework.beans.factory.support.AbstractAutowireCapableBeanFactory.instantiateUsingFactoryMethod(AbstractAutowireCapableBeanFactory.java:1332) ~[spring-beans-6.0.9.jar:6.0.9]
	at org.springframework.beans.factory.support.AbstractAutowireCapableBeanFactory.createBeanInstance(AbstractAutowireCapableBeanFactory.java:1162) ~[spring-beans-6.0.9.jar:6.0.9]
	at org.springframework.beans.factory.support.AbstractAutowireCapableBeanFactory.doCreateBean(AbstractAutowireCapableBeanFactory.java:560) ~[spring-beans-6.0.9.jar:6.0.9]
	at org.springframework.beans.factory.support.AbstractAutowireCapableBeanFactory.createBean(AbstractAutowireCapableBeanFactory.java:520) ~[spring-beans-6.0.9.jar:6.0.9]
	at org.springframework.beans.factory.support.AbstractBeanFactory.lambda$doGetBean$0(AbstractBeanFactory.java:326) ~[spring-beans-6.0.9.jar:6.0.9]
	at org.springframework.beans.factory.support.DefaultSingletonBeanRegistry.getSingleton(DefaultSingletonBeanRegistry.java:234) ~[spring-beans-6.0.9.jar:6.0.9]
	at org.springframework.beans.factory.support.AbstractBeanFactory.doGetBean(AbstractBeanFactory.java:324) ~[spring-beans-6.0.9.jar:6.0.9]
	at org.springframework.beans.factory.support.AbstractBeanFactory.getBean(AbstractBeanFactory.java:200) ~[spring-beans-6.0.9.jar:6.0.9]
	at org.springframework.beans.factory.support.BeanDefinitionValueResolver.resolveReference(BeanDefinitionValueResolver.java:365) ~[spring-beans-6.0.9.jar:6.0.9]
	... 93 common frames omitted
Caused by: org.springframework.beans.factory.BeanCreationException: Error creating bean with name 'entityManagerFactory' defined in class path resource [org/springframework/boot/autoconfigure/orm/jpa/HibernateJpaConfiguration.class]: [PersistenceUnit: default] Unable to build Hibernate SessionFactory; nested exception is org.hibernate.exception.JDBCConnectionException: Unable to open JDBC Connection for DDL execution [Communications link failure

The last packet sent successfully to the server was 0 milliseconds ago. The driver has not received any packets from the server.] [n/a]
	at org.springframework.beans.factory.support.AbstractAutowireCapableBeanFactory.initializeBean(AbstractAutowireCapableBeanFactory.java:1770) ~[spring-beans-6.0.9.jar:6.0.9]
	at org.springframework.beans.factory.support.AbstractAutowireCapableBeanFactory.doCreateBean(AbstractAutowireCapableBeanFactory.java:598) ~[spring-beans-6.0.9.jar:6.0.9]
	at org.springframework.beans.factory.support.AbstractAutowireCapableBeanFactory.createBean(AbstractAutowireCapableBeanFactory.java:520) ~[spring-beans-6.0.9.jar:6.0.9]
	at org.springframework.beans.factory.support.AbstractBeanFactory.lambda$doGetBean$0(AbstractBeanFactory.java:326) ~[spring-beans-6.0.9.jar:6.0.9]
	at org.springframework.beans.factory.support.DefaultSingletonBeanRegistry.getSingleton(DefaultSingletonBeanRegistry.java:234) ~[spring-beans-6.0.9.jar:6.0.9]
	at org.springframework.beans.factory.support.AbstractBeanFactory.doGetBean(AbstractBeanFactory.java:324) ~[spring-beans-6.0.9.jar:6.0.9]
	at org.springframework.beans.factory.support.AbstractBeanFactory.getBean(AbstractBeanFactory.java:200) ~[spring-beans-6.0.9.jar:6.0.9]
	at org.springframework.beans.factory.support.BeanDefinitionValueResolver.resolveReference(BeanDefinitionValueResolver.java:365) ~[spring-beans-6.0.9.jar:6.0.9]
	... 105 common frames omitted
Caused by: jakarta.persistence.PersistenceException: [PersistenceUnit: default] Unable to build Hibernate SessionFactory; nested exception is org.hibernate.exception.JDBCConnectionException: Unable to open JDBC Connection for DDL execution [Communications link failure

The last packet sent successfully to the server was 0 milliseconds ago. The driver has not received any packets from the server.] [n/a]
	at org.springframework.orm.jpa.AbstractEntityManagerFactoryBean.buildNativeEntityManagerFactory(AbstractEntityManagerFactoryBean.java:421) ~[spring-orm-6.0.9.jar:6.0.9]
	at org.springframework.orm.jpa.AbstractEntityManagerFactoryBean.afterPropertiesSet(AbstractEntityManagerFactoryBean.java:396) ~[spring-orm-6.0.9.jar:6.0.9]
	at org.springframework.orm.jpa.LocalContainerEntityManagerFactoryBean.afterPropertiesSet(LocalContainerEntityManagerFactoryBean.java:352) ~[spring-orm-6.0.9.jar:6.0.9]
	at org.springframework.beans.factory.support.AbstractAutowireCapableBeanFactory.invokeInitMethods(AbstractAutowireCapableBeanFactory.java:1816) ~[spring-beans-6.0.9.jar:6.0.9]
	at org.springframework.beans.factory.support.AbstractAutowireCapableBeanFactory.initializeBean(AbstractAutowireCapableBeanFactory.java:1766) ~[spring-beans-6.0.9.jar:6.0.9]
	... 112 common frames omitted
Caused by: org.hibernate.exception.JDBCConnectionException: Unable to open JDBC Connection for DDL execution [Communications link failure

The last packet sent successfully to the server was 0 milliseconds ago. The driver has not received any packets from the server.] [n/a]
	at org.hibernate.exception.internal.SQLStateConversionDelegate.convert(SQLStateConversionDelegate.java:98) ~[hibernate-core-6.2.2.Final.jar:6.2.2.Final]
	at org.hibernate.exception.internal.StandardSQLExceptionConverter.convert(StandardSQLExceptionConverter.java:56) ~[hibernate-core-6.2.2.Final.jar:6.2.2.Final]
	at org.hibernate.engine.jdbc.spi.SqlExceptionHelper.convert(SqlExceptionHelper.java:108) ~[hibernate-core-6.2.2.Final.jar:6.2.2.Final]
	at org.hibernate.engine.jdbc.spi.SqlExceptionHelper.convert(SqlExceptionHelper.java:94) ~[hibernate-core-6.2.2.Final.jar:6.2.2.Final]
	at org.hibernate.resource.transaction.backend.jdbc.internal.DdlTransactionIsolatorNonJtaImpl.getIsolatedConnection(DdlTransactionIsolatorNonJtaImpl.java:74) ~[hibernate-core-6.2.2.Final.jar:6.2.2.Final]
	at org.hibernate.resource.transaction.backend.jdbc.internal.DdlTransactionIsolatorNonJtaImpl.getIsolatedConnection(DdlTransactionIsolatorNonJtaImpl.java:39) ~[hibernate-core-6.2.2.Final.jar:6.2.2.Final]
	at org.hibernate.tool.schema.internal.exec.ImprovedExtractionContextImpl.getJdbcConnection(ImprovedExtractionContextImpl.java:63) ~[hibernate-core-6.2.2.Final.jar:6.2.2.Final]
	at org.hibernate.tool.schema.internal.exec.ImprovedExtractionContextImpl.getJdbcDatabaseMetaData(ImprovedExtractionContextImpl.java:70) ~[hibernate-core-6.2.2.Final.jar:6.2.2.Final]
	at org.hibernate.tool.schema.extract.internal.InformationExtractorJdbcDatabaseMetaDataImpl.processTableResultSet(InformationExtractorJdbcDatabaseMetaDataImpl.java:64) ~[hibernate-core-6.2.2.Final.jar:6.2.2.Final]
	at org.hibernate.tool.schema.extract.internal.AbstractInformationExtractorImpl.getTables(AbstractInformationExtractorImpl.java:564) ~[hibernate-core-6.2.2.Final.jar:6.2.2.Final]
	at org.hibernate.tool.schema.extract.internal.DatabaseInformationImpl.getTablesInformation(DatabaseInformationImpl.java:122) ~[hibernate-core-6.2.2.Final.jar:6.2.2.Final]
	at org.hibernate.tool.schema.internal.GroupedSchemaMigratorImpl.performTablesMigration(GroupedSchemaMigratorImpl.java:72) ~[hibernate-core-6.2.2.Final.jar:6.2.2.Final]
	at org.hibernate.tool.schema.internal.AbstractSchemaMigrator.performMigration(AbstractSchemaMigrator.java:232) ~[hibernate-core-6.2.2.Final.jar:6.2.2.Final]
	at org.hibernate.tool.schema.internal.AbstractSchemaMigrator.doMigration(AbstractSchemaMigrator.java:117) ~[hibernate-core-6.2.2.Final.jar:6.2.2.Final]
	at org.hibernate.tool.schema.spi.SchemaManagementToolCoordinator.performDatabaseAction(SchemaManagementToolCoordinator.java:284) ~[hibernate-core-6.2.2.Final.jar:6.2.2.Final]
	at org.hibernate.tool.schema.spi.SchemaManagementToolCoordinator.lambda$process$5(SchemaManagementToolCoordinator.java:143) ~[hibernate-core-6.2.2.Final.jar:6.2.2.Final]
	at java.base/java.util.HashMap.forEach(HashMap.java:1430) ~[na:na]
	at org.hibernate.tool.schema.spi.SchemaManagementToolCoordinator.process(SchemaManagementToolCoordinator.java:140) ~[hibernate-core-6.2.2.Final.jar:6.2.2.Final]
	at org.hibernate.boot.internal.SessionFactoryObserverForSchemaExport.sessionFactoryCreated(SessionFactoryObserverForSchemaExport.java:37) ~[hibernate-core-6.2.2.Final.jar:6.2.2.Final]
	at org.hibernate.internal.SessionFactoryObserverChain.sessionFactoryCreated(SessionFactoryObserverChain.java:35) ~[hibernate-core-6.2.2.Final.jar:6.2.2.Final]
	at org.hibernate.internal.SessionFactoryImpl.<init>(SessionFactoryImpl.java:291) ~[hibernate-core-6.2.2.Final.jar:6.2.2.Final]
	at org.hibernate.boot.internal.SessionFactoryBuilderImpl.build(SessionFactoryBuilderImpl.java:431) ~[hibernate-core-6.2.2.Final.jar:6.2.2.Final]
	at org.hibernate.jpa.boot.internal.EntityManagerFactoryBuilderImpl.build(EntityManagerFactoryBuilderImpl.java:1455) ~[hibernate-core-6.2.2.Final.jar:6.2.2.Final]
	at org.springframework.orm.jpa.vendor.SpringHibernateJpaPersistenceProvider.createContainerEntityManagerFactory(SpringHibernateJpaPersistenceProvider.java:66) ~[spring-orm-6.0.9.jar:6.0.9]
	at org.springframework.orm.jpa.LocalContainerEntityManagerFactoryBean.createNativeEntityManagerFactory(LocalContainerEntityManagerFactoryBean.java:376) ~[spring-orm-6.0.9.jar:6.0.9]
	at org.springframework.orm.jpa.AbstractEntityManagerFactoryBean.buildNativeEntityManagerFactory(AbstractEntityManagerFactoryBean.java:409) ~[spring-orm-6.0.9.jar:6.0.9]
	... 116 common frames omitted
Caused by: com.mysql.cj.jdbc.exceptions.CommunicationsException: Communications link failure

The last packet sent successfully to the server was 0 milliseconds ago. The driver has not received any packets from the server.
	at com.mysql.cj.jdbc.exceptions.SQLError.createCommunicationsException(SQLError.java:175) ~[mysql-connector-j-8.0.33.jar:8.0.33]
	at com.mysql.cj.jdbc.exceptions.SQLExceptionsMapping.translateException(SQLExceptionsMapping.java:64) ~[mysql-connector-j-8.0.33.jar:8.0.33]
	at com.mysql.cj.jdbc.ConnectionImpl.createNewIO(ConnectionImpl.java:825) ~[mysql-connector-j-8.0.33.jar:8.0.33]
	at com.mysql.cj.jdbc.ConnectionImpl.<init>(ConnectionImpl.java:446) ~[mysql-connector-j-8.0.33.jar:8.0.33]
	at com.mysql.cj.jdbc.ConnectionImpl.getInstance(ConnectionImpl.java:239) ~[mysql-connector-j-8.0.33.jar:8.0.33]
	at com.mysql.cj.jdbc.NonRegisteringDriver.connect(NonRegisteringDriver.java:188) ~[mysql-connector-j-8.0.33.jar:8.0.33]
	at com.zaxxer.hikari.util.DriverDataSource.getConnection(DriverDataSource.java:138) ~[HikariCP-5.0.1.jar:na]
	at com.zaxxer.hikari.pool.PoolBase.newConnection(PoolBase.java:359) ~[HikariCP-5.0.1.jar:na]
	at com.zaxxer.hikari.pool.PoolBase.newPoolEntry(PoolBase.java:201) ~[HikariCP-5.0.1.jar:na]
	at com.zaxxer.hikari.pool.HikariPool.createPoolEntry(HikariPool.java:470) ~[HikariCP-5.0.1.jar:na]
	at com.zaxxer.hikari.pool.HikariPool.checkFailFast(HikariPool.java:561) ~[HikariCP-5.0.1.jar:na]
	at com.zaxxer.hikari.pool.HikariPool.<init>(HikariPool.java:100) ~[HikariCP-5.0.1.jar:na]
	at com.zaxxer.hikari.HikariDataSource.getConnection(HikariDataSource.java:112) ~[HikariCP-5.0.1.jar:na]
	at org.hibernate.engine.jdbc.connections.internal.DatasourceConnectionProviderImpl.getConnection(DatasourceConnectionProviderImpl.java:122) ~[hibernate-core-6.2.2.Final.jar:6.2.2.Final]
	at org.hibernate.engine.jdbc.env.internal.JdbcEnvironmentInitiator$ConnectionProviderJdbcConnectionAccess.obtainConnection(JdbcEnvironmentInitiator.java:316) ~[hibernate-core-6.2.2.Final.jar:6.2.2.Final]
	at org.hibernate.resource.transaction.backend.jdbc.internal.DdlTransactionIsolatorNonJtaImpl.getIsolatedConnection(DdlTransactionIsolatorNonJtaImpl.java:46) ~[hibernate-core-6.2.2.Final.jar:6.2.2.Final]
	... 137 common frames omitted
Caused by: com.mysql.cj.exceptions.CJCommunicationsException: Communications link failure

The last packet sent successfully to the server was 0 milliseconds ago. The driver has not received any packets from the server.
	at java.base/jdk.internal.reflect.DirectConstructorHandleAccessor.newInstance(DirectConstructorHandleAccessor.java:62) ~[na:na]
	at java.base/java.lang.reflect.Constructor.newInstanceWithCaller(Constructor.java:501) ~[na:na]
	at java.base/java.lang.reflect.Constructor.newInstance(Constructor.java:485) ~[na:na]
	at com.mysql.cj.exceptions.ExceptionFactory.createException(ExceptionFactory.java:62) ~[mysql-connector-j-8.0.33.jar:8.0.33]
	at com.mysql.cj.exceptions.ExceptionFactory.createException(ExceptionFactory.java:105) ~[mysql-connector-j-8.0.33.jar:8.0.33]
	at com.mysql.cj.exceptions.ExceptionFactory.createException(ExceptionFactory.java:150) ~[mysql-connector-j-8.0.33.jar:8.0.33]
	at com.mysql.cj.exceptions.ExceptionFactory.createCommunicationsException(ExceptionFactory.java:166) ~[mysql-connector-j-8.0.33.jar:8.0.33]
	at com.mysql.cj.protocol.a.NativeSocketConnection.connect(NativeSocketConnection.java:89) ~[mysql-connector-j-8.0.33.jar:8.0.33]
	at com.mysql.cj.NativeSession.connect(NativeSession.java:121) ~[mysql-connector-j-8.0.33.jar:8.0.33]
	at com.mysql.cj.jdbc.ConnectionImpl.connectOneTryOnly(ConnectionImpl.java:945) ~[mysql-connector-j-8.0.33.jar:8.0.33]
	at com.mysql.cj.jdbc.ConnectionImpl.createNewIO(ConnectionImpl.java:815) ~[mysql-connector-j-8.0.33.jar:8.0.33]
	... 150 common frames omitted
Caused by: java.net.SocketException: Network is unreachable
	at java.base/sun.nio.ch.Net.connect0(Native Method) ~[na:na]
	at java.base/sun.nio.ch.Net.connect(Net.java:589) ~[na:na]
	at java.base/sun.nio.ch.Net.connect(Net.java:578) ~[na:na]
	at java.base/sun.nio.ch.NioSocketImpl.connect(NioSocketImpl.java:583) ~[na:na]
	at java.base/java.net.SocksSocketImpl.connect(SocksSocketImpl.java:327) ~[na:na]
	at java.base/java.net.Socket.connect(Socket.java:760) ~[na:na]
	at com.mysql.cj.protocol.StandardSocketFactory.connect(StandardSocketFactory.java:153) ~[mysql-connector-j-8.0.33.jar:8.0.33]
	at com.mysql.cj.protocol.a.NativeSocketConnection.connect(NativeSocketConnection.java:63) ~[mysql-connector-j-8.0.33.jar:8.0.33]
	... 153 common frames omitted

2025-08-01T09:55:30.065+03:00  INFO 22566 --- [main] c.b.s.SpringBootSecurityJwtApplication   : Starting SpringBootSecurityJwtApplication using Java 23.0.2 with PID 22566 (/Users/tymofiishulha/Documents/Magazine/spring-boot-spring-security-jwt-authentication-master/target/classes started by tymofiishulha in /Users/tymofiishulha/Documents/Magazine/spring-boot-spring-security-jwt-authentication-master)
2025-08-01T09:55:30.067+03:00  INFO 22566 --- [main] c.b.s.SpringBootSecurityJwtApplication   : No active profile set, falling back to 1 default profile: "default"
2025-08-01T09:55:30.440+03:00  INFO 22566 --- [main] .s.d.r.c.RepositoryConfigurationDelegate : Bootstrapping Spring Data JPA repositories in DEFAULT mode.
2025-08-01T09:55:30.489+03:00  INFO 22566 --- [main] .s.d.r.c.RepositoryConfigurationDelegate : Finished Spring Data repository scanning in 43 ms. Found 15 JPA repository interfaces.
2025-08-01T09:55:30.826+03:00  INFO 22566 --- [main] o.s.b.w.embedded.tomcat.TomcatWebServer  : Tomcat initialized with port(s): 8080 (http)
2025-08-01T09:55:30.833+03:00  INFO 22566 --- [main] o.apache.catalina.core.StandardService   : Starting service [Tomcat]
2025-08-01T09:55:30.833+03:00  INFO 22566 --- [main] o.apache.catalina.core.StandardEngine    : Starting Servlet engine: [Apache Tomcat/10.1.8]
2025-08-01T09:55:30.887+03:00  INFO 22566 --- [main] o.a.c.c.C.[Tomcat].[localhost].[/]       : Initializing Spring embedded WebApplicationContext
2025-08-01T09:55:30.887+03:00  INFO 22566 --- [main] w.s.c.ServletWebServerApplicationContext : Root WebApplicationContext: initialization completed in 795 ms
2025-08-01T09:55:30.954+03:00  INFO 22566 --- [main] o.hibernate.jpa.internal.util.LogHelper  : HHH000204: Processing PersistenceUnitInfo [name: default]
2025-08-01T09:55:30.990+03:00  INFO 22566 --- [main] org.hibernate.Version                    : HHH000412: Hibernate ORM core version 6.2.2.Final
2025-08-01T09:55:30.992+03:00  INFO 22566 --- [main] org.hibernate.cfg.Environment            : HHH000406: Using bytecode reflection optimizer
2025-08-01T09:55:31.076+03:00  INFO 22566 --- [main] o.h.b.i.BytecodeProviderInitiator        : HHH000021: Bytecode provider name : bytebuddy
2025-08-01T09:55:31.149+03:00  INFO 22566 --- [main] o.s.o.j.p.SpringPersistenceUnitInfo      : No LoadTimeWeaver setup: ignoring JPA class transformer
2025-08-01T09:55:31.156+03:00  INFO 22566 --- [main] com.zaxxer.hikari.HikariDataSource       : HikariPool-1 - Starting...
2025-08-01T09:55:31.833+03:00  INFO 22566 --- [main] com.zaxxer.hikari.pool.HikariPool        : HikariPool-1 - Added connection com.mysql.cj.jdbc.ConnectionImpl@4f541e67
2025-08-01T09:55:31.836+03:00  INFO 22566 --- [main] com.zaxxer.hikari.HikariDataSource       : HikariPool-1 - Start completed.
2025-08-01T09:55:32.004+03:00  INFO 22566 --- [main] org.hibernate.orm.dialect                : HHH035001: Using dialect: org.hibernate.dialect.MySQLDialect, version: 8.0.41
2025-08-01T09:55:32.174+03:00  INFO 22566 --- [main] o.h.b.i.BytecodeProviderInitiator        : HHH000021: Bytecode provider name : bytebuddy
2025-08-01T09:55:32.562+03:00  INFO 22566 --- [main] o.h.e.t.j.p.i.JtaPlatformInitiator       : HHH000490: Using JtaPlatform implementation: [org.hibernate.engine.transaction.jta.platform.internal.NoJtaPlatform]
2025-08-01T09:55:35.699+03:00  INFO 22566 --- [main] j.LocalContainerEntityManagerFactoryBean : Initialized JPA EntityManagerFactory for persistence unit 'default'
2025-08-01T09:55:36.237+03:00  INFO 22566 --- [main] o.s.d.j.r.query.QueryEnhancerFactory     : Hibernate is in classpath; If applicable, HQL parser will be used.
2025-08-01T09:55:36.587+03:00  WARN 22566 --- [main] JpaBaseConfiguration$JpaWebConfiguration : spring.jpa.open-in-view is enabled by default. Therefore, database queries may be performed during view rendering. Explicitly configure spring.jpa.open-in-view to disable this warning
2025-08-01T09:55:36.815+03:00  INFO 22566 --- [main] o.s.s.web.DefaultSecurityFilterChain     : Will secure any request with [org.springframework.security.web.session.DisableEncodeUrlFilter@67f07fa1, org.springframework.security.web.context.request.async.WebAsyncManagerIntegrationFilter@644ae4ff, org.springframework.security.web.context.SecurityContextHolderFilter@379cfc77, org.springframework.security.web.header.HeaderWriterFilter@5b1b5daf, org.springframework.web.filter.CorsFilter@2a080ba3, org.springframework.security.web.authentication.logout.LogoutFilter@9a88a92, com.bezkoder.springjwt.security.jwt.AuthTokenFilter@309b6768, org.springframework.security.web.savedrequest.RequestCacheAwareFilter@4d7909bd, org.springframework.security.web.servletapi.SecurityContextHolderAwareRequestFilter@5bddb619, org.springframework.security.web.authentication.AnonymousAuthenticationFilter@5ea4abef, org.springframework.security.web.session.SessionManagementFilter@36d02719, org.springframework.security.web.access.ExceptionTranslationFilter@60af08b2, org.springframework.security.web.access.intercept.AuthorizationFilter@4dc9de0e]
2025-08-01T09:55:37.093+03:00  INFO 22566 --- [main] o.s.b.w.embedded.tomcat.TomcatWebServer  : Tomcat started on port(s): 8080 (http) with context path ''
2025-08-01T09:55:37.099+03:00  INFO 22566 --- [main] c.b.s.SpringBootSecurityJwtApplication   : Started SpringBootSecurityJwtApplication in 7.248 seconds (process running for 9.458)
2025-08-01T09:55:50.159+03:00  INFO 22566 --- [http-nio-8080-exec-1] o.a.c.c.C.[Tomcat].[localhost].[/]       : Initializing Spring DispatcherServlet 'dispatcherServlet'
2025-08-01T09:55:50.160+03:00  INFO 22566 --- [http-nio-8080-exec-1] o.s.web.servlet.DispatcherServlet        : Initializing Servlet 'dispatcherServlet'
2025-08-01T09:55:50.164+03:00  INFO 22566 --- [http-nio-8080-exec-1] o.s.web.servlet.DispatcherServlet        : Completed initialization in 4 ms
2025-08-01T09:56:30.776+03:00 ERROR 22566 --- [http-nio-8080-exec-3] c.b.s.s.ExceptionHandlerController       : Category not found
2025-08-01T10:11:48.100+03:00 ERROR 22566 --- [http-nio-8080-exec-3] c.b.s.s.ExceptionHandlerController       : Category not found
2025-08-01T10:32:50.271+03:00  INFO 22566 --- [SpringApplicationShutdownHook] j.LocalContainerEntityManagerFactoryBean : Closing JPA EntityManagerFactory for persistence unit 'default'
2025-08-01T10:32:50.292+03:00  INFO 22566 --- [SpringApplicationShutdownHook] com.zaxxer.hikari.HikariDataSource       : HikariPool-1 - Shutdown initiated...
2025-08-01T10:32:50.741+03:00  INFO 22566 --- [SpringApplicationShutdownHook] com.zaxxer.hikari.HikariDataSource       : HikariPool-1 - Shutdown completed.
2025-08-01T10:32:53.118+03:00  INFO 23341 --- [main] c.b.s.SpringBootSecurityJwtApplication   : Starting SpringBootSecurityJwtApplication using Java 23.0.2 with PID 23341 (/Users/tymofiishulha/Documents/Magazine/spring-boot-spring-security-jwt-authentication-master/target/classes started by tymofiishulha in /Users/tymofiishulha/Documents/Magazine/spring-boot-spring-security-jwt-authentication-master)
2025-08-01T10:32:53.119+03:00  INFO 23341 --- [main] c.b.s.SpringBootSecurityJwtApplication   : No active profile set, falling back to 1 default profile: "default"
2025-08-01T10:32:53.604+03:00  INFO 23341 --- [main] .s.d.r.c.RepositoryConfigurationDelegate : Bootstrapping Spring Data JPA repositories in DEFAULT mode.
2025-08-01T10:32:53.645+03:00  INFO 23341 --- [main] .s.d.r.c.RepositoryConfigurationDelegate : Finished Spring Data repository scanning in 38 ms. Found 15 JPA repository interfaces.
2025-08-01T10:32:54.062+03:00  INFO 23341 --- [main] o.s.b.w.embedded.tomcat.TomcatWebServer  : Tomcat initialized with port(s): 8080 (http)
2025-08-01T10:32:54.071+03:00  INFO 23341 --- [main] o.apache.catalina.core.StandardService   : Starting service [Tomcat]
2025-08-01T10:32:54.071+03:00  INFO 23341 --- [main] o.apache.catalina.core.StandardEngine    : Starting Servlet engine: [Apache Tomcat/10.1.8]
2025-08-01T10:32:54.123+03:00  INFO 23341 --- [main] o.a.c.c.C.[Tomcat].[localhost].[/]       : Initializing Spring embedded WebApplicationContext
2025-08-01T10:32:54.123+03:00  INFO 23341 --- [main] w.s.c.ServletWebServerApplicationContext : Root WebApplicationContext: initialization completed in 980 ms
2025-08-01T10:32:54.205+03:00  INFO 23341 --- [main] o.hibernate.jpa.internal.util.LogHelper  : HHH000204: Processing PersistenceUnitInfo [name: default]
2025-08-01T10:32:54.236+03:00  INFO 23341 --- [main] org.hibernate.Version                    : HHH000412: Hibernate ORM core version 6.2.2.Final
2025-08-01T10:32:54.237+03:00  INFO 23341 --- [main] org.hibernate.cfg.Environment            : HHH000406: Using bytecode reflection optimizer
2025-08-01T10:32:54.387+03:00  INFO 23341 --- [main] o.h.b.i.BytecodeProviderInitiator        : HHH000021: Bytecode provider name : bytebuddy
2025-08-01T10:32:54.456+03:00  INFO 23341 --- [main] o.s.o.j.p.SpringPersistenceUnitInfo      : No LoadTimeWeaver setup: ignoring JPA class transformer
2025-08-01T10:32:54.465+03:00  INFO 23341 --- [main] com.zaxxer.hikari.HikariDataSource       : HikariPool-1 - Starting...
2025-08-01T10:32:55.112+03:00  INFO 23341 --- [main] com.zaxxer.hikari.pool.HikariPool        : HikariPool-1 - Added connection com.mysql.cj.jdbc.ConnectionImpl@4f541e67
2025-08-01T10:32:55.113+03:00  INFO 23341 --- [main] com.zaxxer.hikari.HikariDataSource       : HikariPool-1 - Start completed.
2025-08-01T10:32:55.238+03:00  INFO 23341 --- [main] org.hibernate.orm.dialect                : HHH035001: Using dialect: org.hibernate.dialect.MySQLDialect, version: 8.0.41
2025-08-01T10:32:55.370+03:00  INFO 23341 --- [main] o.h.b.i.BytecodeProviderInitiator        : HHH000021: Bytecode provider name : bytebuddy
2025-08-01T10:32:55.773+03:00  INFO 23341 --- [main] o.h.e.t.j.p.i.JtaPlatformInitiator       : HHH000490: Using JtaPlatform implementation: [org.hibernate.engine.transaction.jta.platform.internal.NoJtaPlatform]
2025-08-01T10:32:58.545+03:00  INFO 23341 --- [main] j.LocalContainerEntityManagerFactoryBean : Initialized JPA EntityManagerFactory for persistence unit 'default'
2025-08-01T10:32:59.045+03:00  INFO 23341 --- [main] o.s.d.j.r.query.QueryEnhancerFactory     : Hibernate is in classpath; If applicable, HQL parser will be used.
2025-08-01T10:32:59.393+03:00  WARN 23341 --- [main] JpaBaseConfiguration$JpaWebConfiguration : spring.jpa.open-in-view is enabled by default. Therefore, database queries may be performed during view rendering. Explicitly configure spring.jpa.open-in-view to disable this warning
2025-08-01T10:32:59.622+03:00  INFO 23341 --- [main] o.s.s.web.DefaultSecurityFilterChain     : Will secure any request with [org.springframework.security.web.session.DisableEncodeUrlFilter@7b7695f, org.springframework.security.web.context.request.async.WebAsyncManagerIntegrationFilter@4476ac12, org.springframework.security.web.context.SecurityContextHolderFilter@26ae9861, org.springframework.security.web.header.HeaderWriterFilter@59464f08, org.springframework.web.filter.CorsFilter@447522b4, org.springframework.security.web.authentication.logout.LogoutFilter@794ffe22, com.bezkoder.springjwt.security.jwt.AuthTokenFilter@39eea4f6, org.springframework.security.web.savedrequest.RequestCacheAwareFilter@66e74d3, org.springframework.security.web.servletapi.SecurityContextHolderAwareRequestFilter@1e1c1634, org.springframework.security.web.authentication.AnonymousAuthenticationFilter@3569f0f1, org.springframework.security.web.session.SessionManagementFilter@7d800902, org.springframework.security.web.access.ExceptionTranslationFilter@72c8af69, org.springframework.security.web.access.intercept.AuthorizationFilter@eb9b76c]
2025-08-01T10:32:59.862+03:00  INFO 23341 --- [main] o.s.b.w.embedded.tomcat.TomcatWebServer  : Tomcat started on port(s): 8080 (http) with context path ''
2025-08-01T10:32:59.867+03:00  INFO 23341 --- [main] c.b.s.SpringBootSecurityJwtApplication   : Started SpringBootSecurityJwtApplication in 6.924 seconds (process running for 8.345)
2025-08-01T10:35:53.410+03:00  INFO 23341 --- [http-nio-8080-exec-1] o.a.c.c.C.[Tomcat].[localhost].[/]       : Initializing Spring DispatcherServlet 'dispatcherServlet'
2025-08-01T10:35:53.419+03:00  INFO 23341 --- [http-nio-8080-exec-1] o.s.web.servlet.DispatcherServlet        : Initializing Servlet 'dispatcherServlet'
2025-08-01T10:35:53.452+03:00  INFO 23341 --- [http-nio-8080-exec-1] o.s.web.servlet.DispatcherServlet        : Completed initialization in 32 ms
2025-08-01T10:38:03.623+03:00  WARN 23341 --- [http-nio-8080-exec-2] .w.s.m.s.DefaultHandlerExceptionResolver : Resolved [org.springframework.web.HttpMediaTypeNotSupportedException: Content-Type 'multipart/form-data;boundary=----WebKitFormBoundarySVBA2aFYtCj2eBx8;charset=UTF-8' is not supported]
2025-08-01T10:38:03.644+03:00 ERROR 23341 --- [http-nio-8080-exec-2] c.b.s.security.jwt.AuthEntryPointJwt     : Unauthorized error: Full authentication is required to access this resource
2025-08-01T10:38:54.395+03:00  WARN 23341 --- [http-nio-8080-exec-5] .w.s.m.s.DefaultHandlerExceptionResolver : Resolved [org.springframework.web.HttpMediaTypeNotSupportedException: Content-Type 'multipart/form-data;boundary=----WebKitFormBoundarytYpqlhHM2VDQRiDG;charset=UTF-8' is not supported]
2025-08-01T10:38:54.399+03:00 ERROR 23341 --- [http-nio-8080-exec-5] c.b.s.security.jwt.AuthEntryPointJwt     : Unauthorized error: Full authentication is required to access this resource
2025-08-01T10:38:57.227+03:00  WARN 23341 --- [http-nio-8080-exec-7] .w.s.m.s.DefaultHandlerExceptionResolver : Resolved [org.springframework.web.HttpMediaTypeNotSupportedException: Content-Type 'multipart/form-data;boundary=----WebKitFormBoundaryFQBqUMBrzjoPeeBL;charset=UTF-8' is not supported]
2025-08-01T10:38:57.232+03:00 ERROR 23341 --- [http-nio-8080-exec-7] c.b.s.security.jwt.AuthEntryPointJwt     : Unauthorized error: Full authentication is required to access this resource
2025-08-01T10:39:26.580+03:00  WARN 23341 --- [http-nio-8080-exec-1] .w.s.m.s.DefaultHandlerExceptionResolver : Resolved [org.springframework.web.HttpMediaTypeNotSupportedException: Content-Type 'multipart/form-data;boundary=----WebKitFormBoundaryalBAXqd6uYxBJWBk;charset=UTF-8' is not supported]
2025-08-01T10:39:26.586+03:00 ERROR 23341 --- [http-nio-8080-exec-1] c.b.s.security.jwt.AuthEntryPointJwt     : Unauthorized error: Full authentication is required to access this resource
2025-08-01T10:40:41.415+03:00  WARN 23341 --- [http-nio-8080-exec-6] .w.s.m.s.DefaultHandlerExceptionResolver : Resolved [org.springframework.web.HttpMediaTypeNotSupportedException: Content-Type 'multipart/form-data;boundary=----WebKitFormBoundarypbpAW4LFFJbIgKhm;charset=UTF-8' is not supported]
2025-08-01T10:40:41.419+03:00 ERROR 23341 --- [http-nio-8080-exec-6] c.b.s.security.jwt.AuthEntryPointJwt     : Unauthorized error: Full authentication is required to access this resource
2025-08-01T10:41:18.275+03:00  INFO 23341 --- [SpringApplicationShutdownHook] j.LocalContainerEntityManagerFactoryBean : Closing JPA EntityManagerFactory for persistence unit 'default'
2025-08-01T10:41:18.281+03:00  INFO 23341 --- [SpringApplicationShutdownHook] com.zaxxer.hikari.HikariDataSource       : HikariPool-1 - Shutdown initiated...
2025-08-01T10:41:18.749+03:00  INFO 23341 --- [SpringApplicationShutdownHook] com.zaxxer.hikari.HikariDataSource       : HikariPool-1 - Shutdown completed.
2025-08-01T10:41:21.569+03:00  INFO 23547 --- [main] c.b.s.SpringBootSecurityJwtApplication   : Starting SpringBootSecurityJwtApplication using Java 23.0.2 with PID 23547 (/Users/tymofiishulha/Documents/Magazine/spring-boot-spring-security-jwt-authentication-master/target/classes started by tymofiishulha in /Users/tymofiishulha/Documents/Magazine/spring-boot-spring-security-jwt-authentication-master)
2025-08-01T10:41:21.570+03:00  INFO 23547 --- [main] c.b.s.SpringBootSecurityJwtApplication   : No active profile set, falling back to 1 default profile: "default"
2025-08-01T10:41:21.907+03:00  INFO 23547 --- [main] .s.d.r.c.RepositoryConfigurationDelegate : Bootstrapping Spring Data JPA repositories in DEFAULT mode.
2025-08-01T10:41:21.942+03:00  INFO 23547 --- [main] .s.d.r.c.RepositoryConfigurationDelegate : Finished Spring Data repository scanning in 32 ms. Found 15 JPA repository interfaces.
2025-08-01T10:41:22.226+03:00  INFO 23547 --- [main] o.s.b.w.embedded.tomcat.TomcatWebServer  : Tomcat initialized with port(s): 8080 (http)
2025-08-01T10:41:22.230+03:00  INFO 23547 --- [main] o.apache.catalina.core.StandardService   : Starting service [Tomcat]
2025-08-01T10:41:22.230+03:00  INFO 23547 --- [main] o.apache.catalina.core.StandardEngine    : Starting Servlet engine: [Apache Tomcat/10.1.8]
2025-08-01T10:41:22.264+03:00  INFO 23547 --- [main] o.a.c.c.C.[Tomcat].[localhost].[/]       : Initializing Spring embedded WebApplicationContext
2025-08-01T10:41:22.264+03:00  INFO 23547 --- [main] w.s.c.ServletWebServerApplicationContext : Root WebApplicationContext: initialization completed in 670 ms
2025-08-01T10:41:22.330+03:00  INFO 23547 --- [main] o.hibernate.jpa.internal.util.LogHelper  : HHH000204: Processing PersistenceUnitInfo [name: default]
2025-08-01T10:41:22.358+03:00  INFO 23547 --- [main] org.hibernate.Version                    : HHH000412: Hibernate ORM core version 6.2.2.Final
2025-08-01T10:41:22.359+03:00  INFO 23547 --- [main] org.hibernate.cfg.Environment            : HHH000406: Using bytecode reflection optimizer
2025-08-01T10:41:22.413+03:00  INFO 23547 --- [main] o.h.b.i.BytecodeProviderInitiator        : HHH000021: Bytecode provider name : bytebuddy
2025-08-01T10:41:22.483+03:00  INFO 23547 --- [main] o.s.o.j.p.SpringPersistenceUnitInfo      : No LoadTimeWeaver setup: ignoring JPA class transformer
2025-08-01T10:41:22.504+03:00  INFO 23547 --- [main] com.zaxxer.hikari.HikariDataSource       : HikariPool-1 - Starting...
2025-08-01T10:41:23.150+03:00  INFO 23547 --- [main] com.zaxxer.hikari.pool.HikariPool        : HikariPool-1 - Added connection com.mysql.cj.jdbc.ConnectionImpl@1a0ffb9b
2025-08-01T10:41:23.154+03:00  INFO 23547 --- [main] com.zaxxer.hikari.HikariDataSource       : HikariPool-1 - Start completed.
2025-08-01T10:41:23.298+03:00  INFO 23547 --- [main] org.hibernate.orm.dialect                : HHH035001: Using dialect: org.hibernate.dialect.MySQLDialect, version: 8.0.41
2025-08-01T10:41:23.488+03:00  INFO 23547 --- [main] o.h.b.i.BytecodeProviderInitiator        : HHH000021: Bytecode provider name : bytebuddy
2025-08-01T10:41:24.150+03:00  INFO 23547 --- [main] o.h.e.t.j.p.i.JtaPlatformInitiator       : HHH000490: Using JtaPlatform implementation: [org.hibernate.engine.transaction.jta.platform.internal.NoJtaPlatform]
2025-08-01T10:41:27.192+03:00  INFO 23547 --- [main] j.LocalContainerEntityManagerFactoryBean : Initialized JPA EntityManagerFactory for persistence unit 'default'
2025-08-01T10:41:27.732+03:00  INFO 23547 --- [main] o.s.d.j.r.query.QueryEnhancerFactory     : Hibernate is in classpath; If applicable, HQL parser will be used.
2025-08-01T10:41:28.076+03:00  WARN 23547 --- [main] JpaBaseConfiguration$JpaWebConfiguration : spring.jpa.open-in-view is enabled by default. Therefore, database queries may be performed during view rendering. Explicitly configure spring.jpa.open-in-view to disable this warning
2025-08-01T10:41:28.315+03:00  INFO 23547 --- [main] o.s.s.web.DefaultSecurityFilterChain     : Will secure any request with [org.springframework.security.web.session.DisableEncodeUrlFilter@6752d7fc, org.springframework.security.web.context.request.async.WebAsyncManagerIntegrationFilter@7b7695f, org.springframework.security.web.context.SecurityContextHolderFilter@60af08b2, org.springframework.security.web.header.HeaderWriterFilter@6d921d6b, org.springframework.web.filter.CorsFilter@4476ac12, org.springframework.security.web.authentication.logout.LogoutFilter@522a9876, com.bezkoder.springjwt.security.jwt.AuthTokenFilter@257e8c43, org.springframework.security.web.savedrequest.RequestCacheAwareFilter@5b1b5daf, org.springframework.security.web.servletapi.SecurityContextHolderAwareRequestFilter@66e74d3, org.springframework.security.web.authentication.AnonymousAuthenticationFilter@447522b4, org.springframework.security.web.session.SessionManagementFilter@3b5fa30d, org.springframework.security.web.access.ExceptionTranslationFilter@2f7765f1, org.springframework.security.web.access.intercept.AuthorizationFilter@323a47fe]
2025-08-01T10:41:28.551+03:00  INFO 23547 --- [main] o.s.b.w.embedded.tomcat.TomcatWebServer  : Tomcat started on port(s): 8080 (http) with context path ''
2025-08-01T10:41:28.556+03:00  INFO 23547 --- [main] c.b.s.SpringBootSecurityJwtApplication   : Started SpringBootSecurityJwtApplication in 7.19 seconds (process running for 8.725)
2025-08-01T10:41:46.972+03:00  INFO 23547 --- [http-nio-8080-exec-1] o.a.c.c.C.[Tomcat].[localhost].[/]       : Initializing Spring DispatcherServlet 'dispatcherServlet'
2025-08-01T10:41:46.975+03:00  INFO 23547 --- [http-nio-8080-exec-1] o.s.web.servlet.DispatcherServlet        : Initializing Servlet 'dispatcherServlet'
2025-08-01T10:41:46.978+03:00  INFO 23547 --- [http-nio-8080-exec-1] o.s.web.servlet.DispatcherServlet        : Completed initialization in 3 ms
2025-08-01T10:41:47.984+03:00  WARN 23547 --- [http-nio-8080-exec-2] .w.s.m.s.DefaultHandlerExceptionResolver : Resolved [org.springframework.web.HttpMediaTypeNotSupportedException: Content-Type 'multipart/form-data;boundary=----WebKitFormBoundaryZDC5RpkWmAjBSNiB;charset=UTF-8' is not supported]
2025-08-01T10:41:47.991+03:00 ERROR 23547 --- [http-nio-8080-exec-2] c.b.s.security.jwt.AuthEntryPointJwt     : Unauthorized error: Full authentication is required to access this resource
2025-08-01T10:43:17.519+03:00  WARN 23547 --- [http-nio-8080-exec-6] .w.s.m.s.DefaultHandlerExceptionResolver : Resolved [org.springframework.web.HttpMediaTypeNotSupportedException: Content-Type 'multipart/form-data;boundary=----WebKitFormBoundaryJmB3VH9s7c3OLGon;charset=UTF-8' is not supported]
2025-08-01T10:43:17.523+03:00 ERROR 23547 --- [http-nio-8080-exec-6] c.b.s.security.jwt.AuthEntryPointJwt     : Unauthorized error: Full authentication is required to access this resource
2025-08-01T10:43:21.233+03:00  WARN 23547 --- [http-nio-8080-exec-7] .w.s.m.s.DefaultHandlerExceptionResolver : Resolved [org.springframework.web.HttpMediaTypeNotSupportedException: Content-Type 'multipart/form-data;boundary=----WebKitFormBoundaryy2kdbtDOPjShE29n;charset=UTF-8' is not supported]
2025-08-01T10:43:21.243+03:00 ERROR 23547 --- [http-nio-8080-exec-7] c.b.s.security.jwt.AuthEntryPointJwt     : Unauthorized error: Full authentication is required to access this resource
2025-08-01T10:44:26.127+03:00  INFO 23547 --- [SpringApplicationShutdownHook] j.LocalContainerEntityManagerFactoryBean : Closing JPA EntityManagerFactory for persistence unit 'default'
2025-08-01T10:44:26.131+03:00  INFO 23547 --- [SpringApplicationShutdownHook] com.zaxxer.hikari.HikariDataSource       : HikariPool-1 - Shutdown initiated...
2025-08-01T10:44:26.590+03:00  INFO 23547 --- [SpringApplicationShutdownHook] com.zaxxer.hikari.HikariDataSource       : HikariPool-1 - Shutdown completed.
2025-08-01T10:44:28.766+03:00  INFO 23596 --- [main] c.b.s.SpringBootSecurityJwtApplication   : Starting SpringBootSecurityJwtApplication using Java 23.0.2 with PID 23596 (/Users/tymofiishulha/Documents/Magazine/spring-boot-spring-security-jwt-authentication-master/target/classes started by tymofiishulha in /Users/tymofiishulha/Documents/Magazine/spring-boot-spring-security-jwt-authentication-master)
2025-08-01T10:44:28.766+03:00  INFO 23596 --- [main] c.b.s.SpringBootSecurityJwtApplication   : No active profile set, falling back to 1 default profile: "default"
2025-08-01T10:44:29.056+03:00  INFO 23596 --- [main] .s.d.r.c.RepositoryConfigurationDelegate : Bootstrapping Spring Data JPA repositories in DEFAULT mode.
2025-08-01T10:44:29.091+03:00  INFO 23596 --- [main] .s.d.r.c.RepositoryConfigurationDelegate : Finished Spring Data repository scanning in 31 ms. Found 15 JPA repository interfaces.
2025-08-01T10:44:29.358+03:00  INFO 23596 --- [main] o.s.b.w.embedded.tomcat.TomcatWebServer  : Tomcat initialized with port(s): 8080 (http)
2025-08-01T10:44:29.362+03:00  INFO 23596 --- [main] o.apache.catalina.core.StandardService   : Starting service [Tomcat]
2025-08-01T10:44:29.362+03:00  INFO 23596 --- [main] o.apache.catalina.core.StandardEngine    : Starting Servlet engine: [Apache Tomcat/10.1.8]
2025-08-01T10:44:29.397+03:00  INFO 23596 --- [main] o.a.c.c.C.[Tomcat].[localhost].[/]       : Initializing Spring embedded WebApplicationContext
2025-08-01T10:44:29.397+03:00  INFO 23596 --- [main] w.s.c.ServletWebServerApplicationContext : Root WebApplicationContext: initialization completed in 611 ms
2025-08-01T10:44:29.460+03:00  INFO 23596 --- [main] o.hibernate.jpa.internal.util.LogHelper  : HHH000204: Processing PersistenceUnitInfo [name: default]
2025-08-01T10:44:29.488+03:00  INFO 23596 --- [main] org.hibernate.Version                    : HHH000412: Hibernate ORM core version 6.2.2.Final
2025-08-01T10:44:29.489+03:00  INFO 23596 --- [main] org.hibernate.cfg.Environment            : HHH000406: Using bytecode reflection optimizer
2025-08-01T10:44:29.547+03:00  INFO 23596 --- [main] o.h.b.i.BytecodeProviderInitiator        : HHH000021: Bytecode provider name : bytebuddy
2025-08-01T10:44:29.604+03:00  INFO 23596 --- [main] o.s.o.j.p.SpringPersistenceUnitInfo      : No LoadTimeWeaver setup: ignoring JPA class transformer
2025-08-01T10:44:29.614+03:00  INFO 23596 --- [main] com.zaxxer.hikari.HikariDataSource       : HikariPool-1 - Starting...
2025-08-01T10:44:30.234+03:00  INFO 23596 --- [main] com.zaxxer.hikari.pool.HikariPool        : HikariPool-1 - Added connection com.mysql.cj.jdbc.ConnectionImpl@3460e4ed
2025-08-01T10:44:30.238+03:00  INFO 23596 --- [main] com.zaxxer.hikari.HikariDataSource       : HikariPool-1 - Start completed.
2025-08-01T10:44:30.382+03:00  INFO 23596 --- [main] org.hibernate.orm.dialect                : HHH035001: Using dialect: org.hibernate.dialect.MySQLDialect, version: 8.0.41
2025-08-01T10:44:30.514+03:00  INFO 23596 --- [main] o.h.b.i.BytecodeProviderInitiator        : HHH000021: Bytecode provider name : bytebuddy
2025-08-01T10:44:30.866+03:00  INFO 23596 --- [main] o.h.e.t.j.p.i.JtaPlatformInitiator       : HHH000490: Using JtaPlatform implementation: [org.hibernate.engine.transaction.jta.platform.internal.NoJtaPlatform]
2025-08-01T10:44:33.635+03:00  INFO 23596 --- [main] j.LocalContainerEntityManagerFactoryBean : Initialized JPA EntityManagerFactory for persistence unit 'default'
2025-08-01T10:44:34.088+03:00  INFO 23596 --- [main] o.s.d.j.r.query.QueryEnhancerFactory     : Hibernate is in classpath; If applicable, HQL parser will be used.
2025-08-01T10:44:34.432+03:00  WARN 23596 --- [main] JpaBaseConfiguration$JpaWebConfiguration : spring.jpa.open-in-view is enabled by default. Therefore, database queries may be performed during view rendering. Explicitly configure spring.jpa.open-in-view to disable this warning
2025-08-01T10:44:34.655+03:00  INFO 23596 --- [main] o.s.s.web.DefaultSecurityFilterChain     : Will secure any request with [org.springframework.security.web.session.DisableEncodeUrlFilter@7d60a62f, org.springframework.security.web.context.request.async.WebAsyncManagerIntegrationFilter@5a7e2f07, org.springframework.security.web.context.SecurityContextHolderFilter@3569f0f1, org.springframework.security.web.header.HeaderWriterFilter@794ffe22, org.springframework.web.filter.CorsFilter@1bab3926, org.springframework.security.web.authentication.logout.LogoutFilter@1a9ce44, com.bezkoder.springjwt.security.jwt.AuthTokenFilter@5b395ee, org.springframework.security.web.savedrequest.RequestCacheAwareFilter@784fb189, org.springframework.security.web.servletapi.SecurityContextHolderAwareRequestFilter@15c25cb6, org.springframework.security.web.authentication.AnonymousAuthenticationFilter@39a6c7a6, org.springframework.security.web.session.SessionManagementFilter@7b7695f, org.springframework.security.web.access.ExceptionTranslationFilter@30e3544d, org.springframework.security.web.access.intercept.AuthorizationFilter@2400673b]
2025-08-01T10:44:34.889+03:00  INFO 23596 --- [main] o.s.b.w.embedded.tomcat.TomcatWebServer  : Tomcat started on port(s): 8080 (http) with context path ''
2025-08-01T10:44:34.895+03:00  INFO 23596 --- [main] c.b.s.SpringBootSecurityJwtApplication   : Started SpringBootSecurityJwtApplication in 6.29 seconds (process running for 7.627)
2025-08-01T10:44:41.232+03:00  INFO 23596 --- [http-nio-8080-exec-1] o.a.c.c.C.[Tomcat].[localhost].[/]       : Initializing Spring DispatcherServlet 'dispatcherServlet'
2025-08-01T10:44:41.233+03:00  INFO 23596 --- [http-nio-8080-exec-1] o.s.web.servlet.DispatcherServlet        : Initializing Servlet 'dispatcherServlet'
2025-08-01T10:44:41.238+03:00  INFO 23596 --- [http-nio-8080-exec-1] o.s.web.servlet.DispatcherServlet        : Completed initialization in 5 ms
2025-08-01T10:44:43.252+03:00  WARN 23596 --- [http-nio-8080-exec-2] .w.s.m.s.DefaultHandlerExceptionResolver : Resolved [org.springframework.web.HttpMediaTypeNotSupportedException: Content-Type 'multipart/form-data;boundary=----WebKitFormBoundaryTaDzOTxuGM3B5ab6;charset=UTF-8' is not supported]
2025-08-01T10:44:43.259+03:00 ERROR 23596 --- [http-nio-8080-exec-2] c.b.s.security.jwt.AuthEntryPointJwt     : Unauthorized error: Full authentication is required to access this resource
2025-08-01T10:45:43.028+03:00  WARN 23596 --- [http-nio-8080-exec-9] .w.s.m.s.DefaultHandlerExceptionResolver : Resolved [org.springframework.web.HttpMediaTypeNotSupportedException: Content-Type 'multipart/form-data;boundary=----WebKitFormBoundaryYVGnFITzV3NfC7q9;charset=UTF-8' is not supported]
2025-08-01T10:45:43.033+03:00 ERROR 23596 --- [http-nio-8080-exec-9] c.b.s.security.jwt.AuthEntryPointJwt     : Unauthorized error: Full authentication is required to access this resource
2025-08-01T10:53:16.820+03:00  WARN 23596 --- [HikariPool-1 housekeeper] com.zaxxer.hikari.pool.HikariPool        : HikariPool-1 - Thread starvation or clock leap detected (housekeeper delta=6m15s294ms).
2025-08-01T11:09:15.303+03:00  WARN 23596 --- [HikariPool-1 housekeeper] com.zaxxer.hikari.pool.HikariPool        : HikariPool-1 - Thread starvation or clock leap detected (housekeeper delta=15m28s466ms).
2025-08-01T11:38:43.156+03:00  WARN 23596 --- [http-nio-8080-exec-2] .w.s.m.s.DefaultHandlerExceptionResolver : Resolved [org.springframework.web.HttpMediaTypeNotSupportedException: Content-Type 'multipart/form-data;boundary=----WebKitFormBoundaryHt3nASkguzMkQ0BG;charset=UTF-8' is not supported]
2025-08-01T11:38:43.160+03:00 ERROR 23596 --- [http-nio-8080-exec-2] c.b.s.security.jwt.AuthEntryPointJwt     : Unauthorized error: Full authentication is required to access this resource
2025-08-01T11:39:18.102+03:00  WARN 23596 --- [http-nio-8080-exec-9] .w.s.m.s.DefaultHandlerExceptionResolver : Resolved [org.springframework.web.HttpMediaTypeNotSupportedException: Content-Type 'multipart/form-data;boundary=----WebKitFormBoundaryFetzxNetZS51saN7;charset=UTF-8' is not supported]
2025-08-01T11:39:18.108+03:00 ERROR 23596 --- [http-nio-8080-exec-9] c.b.s.security.jwt.AuthEntryPointJwt     : Unauthorized error: Full authentication is required to access this resource
2025-08-01T11:40:00.490+03:00  WARN 23596 --- [http-nio-8080-exec-6] .w.s.m.s.DefaultHandlerExceptionResolver : Resolved [org.springframework.web.HttpMediaTypeNotSupportedException: Content-Type 'multipart/form-data;boundary=----WebKitFormBoundaryNtAbovacyu77sP4y;charset=UTF-8' is not supported]
2025-08-01T11:40:00.496+03:00 ERROR 23596 --- [http-nio-8080-exec-6] c.b.s.security.jwt.AuthEntryPointJwt     : Unauthorized error: Full authentication is required to access this resource
2025-08-01T11:40:56.825+03:00  INFO 23596 --- [SpringApplicationShutdownHook] j.LocalContainerEntityManagerFactoryBean : Closing JPA EntityManagerFactory for persistence unit 'default'
2025-08-01T11:40:56.841+03:00  INFO 23596 --- [SpringApplicationShutdownHook] com.zaxxer.hikari.HikariDataSource       : HikariPool-1 - Shutdown initiated...
2025-08-01T11:40:57.329+03:00  INFO 23596 --- [SpringApplicationShutdownHook] com.zaxxer.hikari.HikariDataSource       : HikariPool-1 - Shutdown completed.
2025-08-01T11:40:59.830+03:00  INFO 24290 --- [main] c.b.s.SpringBootSecurityJwtApplication   : Starting SpringBootSecurityJwtApplication using Java 23.0.2 with PID 24290 (/Users/tymofiishulha/Documents/Magazine/spring-boot-spring-security-jwt-authentication-master/target/classes started by tymofiishulha in /Users/tymofiishulha/Documents/Magazine/spring-boot-spring-security-jwt-authentication-master)
2025-08-01T11:40:59.831+03:00  INFO 24290 --- [main] c.b.s.SpringBootSecurityJwtApplication   : No active profile set, falling back to 1 default profile: "default"
2025-08-01T11:41:00.175+03:00  INFO 24290 --- [main] .s.d.r.c.RepositoryConfigurationDelegate : Bootstrapping Spring Data JPA repositories in DEFAULT mode.
2025-08-01T11:41:00.212+03:00  INFO 24290 --- [main] .s.d.r.c.RepositoryConfigurationDelegate : Finished Spring Data repository scanning in 34 ms. Found 15 JPA repository interfaces.
2025-08-01T11:41:00.481+03:00  INFO 24290 --- [main] o.s.b.w.embedded.tomcat.TomcatWebServer  : Tomcat initialized with port(s): 8080 (http)
2025-08-01T11:41:00.485+03:00  INFO 24290 --- [main] o.apache.catalina.core.StandardService   : Starting service [Tomcat]
2025-08-01T11:41:00.485+03:00  INFO 24290 --- [main] o.apache.catalina.core.StandardEngine    : Starting Servlet engine: [Apache Tomcat/10.1.8]
2025-08-01T11:41:00.520+03:00  INFO 24290 --- [main] o.a.c.c.C.[Tomcat].[localhost].[/]       : Initializing Spring embedded WebApplicationContext
2025-08-01T11:41:00.520+03:00  INFO 24290 --- [main] w.s.c.ServletWebServerApplicationContext : Root WebApplicationContext: initialization completed in 668 ms
2025-08-01T11:41:00.583+03:00  INFO 24290 --- [main] o.hibernate.jpa.internal.util.LogHelper  : HHH000204: Processing PersistenceUnitInfo [name: default]
2025-08-01T11:41:00.612+03:00  INFO 24290 --- [main] org.hibernate.Version                    : HHH000412: Hibernate ORM core version 6.2.2.Final
2025-08-01T11:41:00.613+03:00  INFO 24290 --- [main] org.hibernate.cfg.Environment            : HHH000406: Using bytecode reflection optimizer
2025-08-01T11:41:00.678+03:00  INFO 24290 --- [main] o.h.b.i.BytecodeProviderInitiator        : HHH000021: Bytecode provider name : bytebuddy
2025-08-01T11:41:00.743+03:00  INFO 24290 --- [main] o.s.o.j.p.SpringPersistenceUnitInfo      : No LoadTimeWeaver setup: ignoring JPA class transformer
2025-08-01T11:41:00.754+03:00  INFO 24290 --- [main] com.zaxxer.hikari.HikariDataSource       : HikariPool-1 - Starting...
2025-08-01T11:41:01.391+03:00  INFO 24290 --- [main] com.zaxxer.hikari.pool.HikariPool        : HikariPool-1 - Added connection com.mysql.cj.jdbc.ConnectionImpl@727dcc64
2025-08-01T11:41:01.395+03:00  INFO 24290 --- [main] com.zaxxer.hikari.HikariDataSource       : HikariPool-1 - Start completed.
2025-08-01T11:41:01.537+03:00  INFO 24290 --- [main] org.hibernate.orm.dialect                : HHH035001: Using dialect: org.hibernate.dialect.MySQLDialect, version: 8.0.41
2025-08-01T11:41:01.667+03:00  INFO 24290 --- [main] o.h.b.i.BytecodeProviderInitiator        : HHH000021: Bytecode provider name : bytebuddy
2025-08-01T11:41:02.163+03:00  INFO 24290 --- [main] o.h.e.t.j.p.i.JtaPlatformInitiator       : HHH000490: Using JtaPlatform implementation: [org.hibernate.engine.transaction.jta.platform.internal.NoJtaPlatform]
2025-08-01T11:41:05.068+03:00  INFO 24290 --- [main] j.LocalContainerEntityManagerFactoryBean : Initialized JPA EntityManagerFactory for persistence unit 'default'
2025-08-01T11:41:05.568+03:00  INFO 24290 --- [main] o.s.d.j.r.query.QueryEnhancerFactory     : Hibernate is in classpath; If applicable, HQL parser will be used.
2025-08-01T11:41:05.909+03:00  WARN 24290 --- [main] JpaBaseConfiguration$JpaWebConfiguration : spring.jpa.open-in-view is enabled by default. Therefore, database queries may be performed during view rendering. Explicitly configure spring.jpa.open-in-view to disable this warning
2025-08-01T11:41:06.137+03:00  INFO 24290 --- [main] o.s.s.web.DefaultSecurityFilterChain     : Will secure any request with [org.springframework.security.web.session.DisableEncodeUrlFilter@27af14bd, org.springframework.security.web.context.request.async.WebAsyncManagerIntegrationFilter@38f0de07, org.springframework.security.web.context.SecurityContextHolderFilter@1a48f55b, org.springframework.security.web.header.HeaderWriterFilter@7b276a08, org.springframework.web.filter.CorsFilter@21e5feb, org.springframework.security.web.authentication.logout.LogoutFilter@1ff359b7, com.bezkoder.springjwt.security.jwt.AuthTokenFilter@2e895acb, org.springframework.security.web.savedrequest.RequestCacheAwareFilter@4a9fdffe, org.springframework.security.web.servletapi.SecurityContextHolderAwareRequestFilter@2f7765f1, org.springframework.security.web.authentication.AnonymousAuthenticationFilter@33742179, org.springframework.security.web.session.SessionManagementFilter@108ed58d, org.springframework.security.web.access.ExceptionTranslationFilter@66ade539, org.springframework.security.web.access.intercept.AuthorizationFilter@b729651]
2025-08-01T11:41:06.388+03:00  INFO 24290 --- [main] o.s.b.w.embedded.tomcat.TomcatWebServer  : Tomcat started on port(s): 8080 (http) with context path ''
2025-08-01T11:41:06.393+03:00  INFO 24290 --- [main] c.b.s.SpringBootSecurityJwtApplication   : Started SpringBootSecurityJwtApplication in 6.74 seconds (process running for 8.269)
2025-08-01T11:41:10.689+03:00  INFO 24290 --- [http-nio-8080-exec-1] o.a.c.c.C.[Tomcat].[localhost].[/]       : Initializing Spring DispatcherServlet 'dispatcherServlet'
2025-08-01T11:41:10.690+03:00  INFO 24290 --- [http-nio-8080-exec-1] o.s.web.servlet.DispatcherServlet        : Initializing Servlet 'dispatcherServlet'
2025-08-01T11:41:10.692+03:00  INFO 24290 --- [http-nio-8080-exec-1] o.s.web.servlet.DispatcherServlet        : Completed initialization in 2 ms
2025-08-01T11:42:49.906+03:00  INFO 24290 --- [SpringApplicationShutdownHook] j.LocalContainerEntityManagerFactoryBean : Closing JPA EntityManagerFactory for persistence unit 'default'
2025-08-01T11:42:49.911+03:00  INFO 24290 --- [SpringApplicationShutdownHook] com.zaxxer.hikari.HikariDataSource       : HikariPool-1 - Shutdown initiated...
2025-08-01T11:42:50.401+03:00  INFO 24290 --- [SpringApplicationShutdownHook] com.zaxxer.hikari.HikariDataSource       : HikariPool-1 - Shutdown completed.
2025-08-01T11:42:52.628+03:00  INFO 24319 --- [main] c.b.s.SpringBootSecurityJwtApplication   : Starting SpringBootSecurityJwtApplication using Java 23.0.2 with PID 24319 (/Users/tymofiishulha/Documents/Magazine/spring-boot-spring-security-jwt-authentication-master/target/classes started by tymofiishulha in /Users/tymofiishulha/Documents/Magazine/spring-boot-spring-security-jwt-authentication-master)
2025-08-01T11:42:52.629+03:00  INFO 24319 --- [main] c.b.s.SpringBootSecurityJwtApplication   : No active profile set, falling back to 1 default profile: "default"
2025-08-01T11:42:52.918+03:00  INFO 24319 --- [main] .s.d.r.c.RepositoryConfigurationDelegate : Bootstrapping Spring Data JPA repositories in DEFAULT mode.
2025-08-01T11:42:52.953+03:00  INFO 24319 --- [main] .s.d.r.c.RepositoryConfigurationDelegate : Finished Spring Data repository scanning in 32 ms. Found 15 JPA repository interfaces.
2025-08-01T11:42:53.217+03:00  INFO 24319 --- [main] o.s.b.w.embedded.tomcat.TomcatWebServer  : Tomcat initialized with port(s): 8080 (http)
2025-08-01T11:42:53.221+03:00  INFO 24319 --- [main] o.apache.catalina.core.StandardService   : Starting service [Tomcat]
2025-08-01T11:42:53.221+03:00  INFO 24319 --- [main] o.apache.catalina.core.StandardEngine    : Starting Servlet engine: [Apache Tomcat/10.1.8]
2025-08-01T11:42:53.255+03:00  INFO 24319 --- [main] o.a.c.c.C.[Tomcat].[localhost].[/]       : Initializing Spring embedded WebApplicationContext
2025-08-01T11:42:53.255+03:00  INFO 24319 --- [main] w.s.c.ServletWebServerApplicationContext : Root WebApplicationContext: initialization completed in 606 ms
2025-08-01T11:42:53.317+03:00  INFO 24319 --- [main] o.hibernate.jpa.internal.util.LogHelper  : HHH000204: Processing PersistenceUnitInfo [name: default]
2025-08-01T11:42:53.350+03:00  INFO 24319 --- [main] org.hibernate.Version                    : HHH000412: Hibernate ORM core version 6.2.2.Final
2025-08-01T11:42:53.351+03:00  INFO 24319 --- [main] org.hibernate.cfg.Environment            : HHH000406: Using bytecode reflection optimizer
2025-08-01T11:42:53.403+03:00  INFO 24319 --- [main] o.h.b.i.BytecodeProviderInitiator        : HHH000021: Bytecode provider name : bytebuddy
2025-08-01T11:42:53.458+03:00  INFO 24319 --- [main] o.s.o.j.p.SpringPersistenceUnitInfo      : No LoadTimeWeaver setup: ignoring JPA class transformer
2025-08-01T11:42:53.468+03:00  INFO 24319 --- [main] com.zaxxer.hikari.HikariDataSource       : HikariPool-1 - Starting...
2025-08-01T11:42:54.083+03:00  INFO 24319 --- [main] com.zaxxer.hikari.pool.HikariPool        : HikariPool-1 - Added connection com.mysql.cj.jdbc.ConnectionImpl@5315266
2025-08-01T11:42:54.086+03:00  INFO 24319 --- [main] com.zaxxer.hikari.HikariDataSource       : HikariPool-1 - Start completed.
2025-08-01T11:42:54.231+03:00  INFO 24319 --- [main] org.hibernate.orm.dialect                : HHH035001: Using dialect: org.hibernate.dialect.MySQLDialect, version: 8.0.41
2025-08-01T11:42:54.363+03:00  INFO 24319 --- [main] o.h.b.i.BytecodeProviderInitiator        : HHH000021: Bytecode provider name : bytebuddy
2025-08-01T11:42:54.714+03:00  INFO 24319 --- [main] o.h.e.t.j.p.i.JtaPlatformInitiator       : HHH000490: Using JtaPlatform implementation: [org.hibernate.engine.transaction.jta.platform.internal.NoJtaPlatform]
2025-08-01T11:42:57.475+03:00  INFO 24319 --- [main] j.LocalContainerEntityManagerFactoryBean : Initialized JPA EntityManagerFactory for persistence unit 'default'
2025-08-01T11:42:57.923+03:00  INFO 24319 --- [main] o.s.d.j.r.query.QueryEnhancerFactory     : Hibernate is in classpath; If applicable, HQL parser will be used.
2025-08-01T11:42:58.260+03:00  WARN 24319 --- [main] JpaBaseConfiguration$JpaWebConfiguration : spring.jpa.open-in-view is enabled by default. Therefore, database queries may be performed during view rendering. Explicitly configure spring.jpa.open-in-view to disable this warning
2025-08-01T11:42:58.477+03:00  INFO 24319 --- [main] o.s.s.web.DefaultSecurityFilterChain     : Will secure any request with [org.springframework.security.web.session.DisableEncodeUrlFilter@4b37ede0, org.springframework.security.web.context.request.async.WebAsyncManagerIntegrationFilter@67f07fa1, org.springframework.security.web.context.SecurityContextHolderFilter@1d2ec1f, org.springframework.security.web.header.HeaderWriterFilter@26ae9861, org.springframework.web.filter.CorsFilter@644ae4ff, org.springframework.security.web.authentication.logout.LogoutFilter@3569f0f1, com.bezkoder.springjwt.security.jwt.AuthTokenFilter@309b6768, org.springframework.security.web.savedrequest.RequestCacheAwareFilter@c3fd72, org.springframework.security.web.servletapi.SecurityContextHolderAwareRequestFilter@4d7909bd, org.springframework.security.web.authentication.AnonymousAuthenticationFilter@2a080ba3, org.springframework.security.web.session.SessionManagementFilter@5bbda8aa, org.springframework.security.web.access.ExceptionTranslationFilter@1cb83205, org.springframework.security.web.access.intercept.AuthorizationFilter@62a9c857]
2025-08-01T11:42:58.710+03:00  INFO 24319 --- [main] o.s.b.w.embedded.tomcat.TomcatWebServer  : Tomcat started on port(s): 8080 (http) with context path ''
2025-08-01T11:42:58.716+03:00  INFO 24319 --- [main] c.b.s.SpringBootSecurityJwtApplication   : Started SpringBootSecurityJwtApplication in 6.254 seconds (process running for 7.559)
2025-08-01T11:43:00.940+03:00  INFO 24319 --- [http-nio-8080-exec-1] o.a.c.c.C.[Tomcat].[localhost].[/]       : Initializing Spring DispatcherServlet 'dispatcherServlet'
2025-08-01T11:43:00.942+03:00  INFO 24319 --- [http-nio-8080-exec-1] o.s.web.servlet.DispatcherServlet        : Initializing Servlet 'dispatcherServlet'
2025-08-01T11:43:00.944+03:00  INFO 24319 --- [http-nio-8080-exec-1] o.s.web.servlet.DispatcherServlet        : Completed initialization in 2 ms
2025-08-01T11:43:01.880+03:00  WARN 24319 --- [http-nio-8080-exec-2] .w.s.m.s.DefaultHandlerExceptionResolver : Resolved [org.springframework.web.bind.MethodArgumentNotValidException: Validation failed for argument [0] in public org.springframework.http.ResponseEntity<com.bezkoder.springjwt.models.Position.Position> com.bezkoder.springjwt.controllers.PositionsController.addPosition(com.bezkoder.springjwt.payload.response.Positions.PositionCreateDto): [Field error in object 'positionCreateDto' on field 'ingredients': rejected value [[{"ingredient":{"id":3,"name":"Маскарпон","category":{"id":1,"name":"Молочка"}},"amount":1,"unit":"г (truncated)...]; codes [typeMismatch.positionCreateDto.ingredients,typeMismatch.ingredients,typeMismatch.[Lcom.bezkoder.springjwt.payload.request.Ingredients.IngAmountRequestDto;,typeMismatch]; arguments [org.springframework.context.support.DefaultMessageSourceResolvable: codes [positionCreateDto.ingredients,ingredients]; arguments []; default message [ingredients]]; default message [Failed to convert property value of type 'java.lang.String' to required type 'com.bezkoder.springjwt.payload.request.Ingredients.IngAmountRequestDto[]' for property 'ingredients'; Cannot convert value of type 'java.lang.String' to required type 'com.bezkoder.springjwt.payload.request.Ingredients.IngAmountRequestDto' for property 'ingredients[0]': no matching editors or conversion strategy found]] ]
2025-08-01T11:43:01.887+03:00 ERROR 24319 --- [http-nio-8080-exec-2] c.b.s.security.jwt.AuthEntryPointJwt     : Unauthorized error: Full authentication is required to access this resource
2025-08-01T11:43:16.491+03:00  WARN 24319 --- [http-nio-8080-exec-6] .w.s.m.s.DefaultHandlerExceptionResolver : Resolved [org.springframework.web.bind.MethodArgumentNotValidException: Validation failed for argument [0] in public org.springframework.http.ResponseEntity<com.bezkoder.springjwt.models.Position.Position> com.bezkoder.springjwt.controllers.PositionsController.addPosition(com.bezkoder.springjwt.payload.response.Positions.PositionCreateDto): [Field error in object 'positionCreateDto' on field 'ingredients': rejected value [[{"ingredient":{"id":3,"name":"Маскарпон","category":{"id":1,"name":"Молочка"}},"amount":1,"unit":"г (truncated)...]; codes [typeMismatch.positionCreateDto.ingredients,typeMismatch.ingredients,typeMismatch.[Lcom.bezkoder.springjwt.payload.request.Ingredients.IngAmountRequestDto;,typeMismatch]; arguments [org.springframework.context.support.DefaultMessageSourceResolvable: codes [positionCreateDto.ingredients,ingredients]; arguments []; default message [ingredients]]; default message [Failed to convert property value of type 'java.lang.String' to required type 'com.bezkoder.springjwt.payload.request.Ingredients.IngAmountRequestDto[]' for property 'ingredients'; Cannot convert value of type 'java.lang.String' to required type 'com.bezkoder.springjwt.payload.request.Ingredients.IngAmountRequestDto' for property 'ingredients[0]': no matching editors or conversion strategy found]] ]
2025-08-01T11:43:16.495+03:00 ERROR 24319 --- [http-nio-8080-exec-6] c.b.s.security.jwt.AuthEntryPointJwt     : Unauthorized error: Full authentication is required to access this resource
2025-08-01T11:46:08.830+03:00  WARN 24319 --- [http-nio-8080-exec-10] .w.s.m.s.DefaultHandlerExceptionResolver : Resolved [org.springframework.web.bind.MethodArgumentNotValidException: Validation failed for argument [0] in public org.springframework.http.ResponseEntity<com.bezkoder.springjwt.models.Position.Position> com.bezkoder.springjwt.controllers.PositionsController.addPosition(com.bezkoder.springjwt.payload.response.Positions.PositionCreateDto): [Field error in object 'positionCreateDto' on field 'ingredients': rejected value [[{"ingredient":{"id":3,"name":"Маскарпон","category":{"id":1,"name":"Молочка"}},"amount":1,"unit":"г (truncated)...]; codes [typeMismatch.positionCreateDto.ingredients,typeMismatch.ingredients,typeMismatch.[Lcom.bezkoder.springjwt.payload.request.Ingredients.IngAmountRequestDto;,typeMismatch]; arguments [org.springframework.context.support.DefaultMessageSourceResolvable: codes [positionCreateDto.ingredients,ingredients]; arguments []; default message [ingredients]]; default message [Failed to convert property value of type 'java.lang.String' to required type 'com.bezkoder.springjwt.payload.request.Ingredients.IngAmountRequestDto[]' for property 'ingredients'; Cannot convert value of type 'java.lang.String' to required type 'com.bezkoder.springjwt.payload.request.Ingredients.IngAmountRequestDto' for property 'ingredients[0]': no matching editors or conversion strategy found]] ]
2025-08-01T11:46:08.834+03:00 ERROR 24319 --- [http-nio-8080-exec-10] c.b.s.security.jwt.AuthEntryPointJwt     : Unauthorized error: Full authentication is required to access this resource
2025-08-01T11:47:44.237+03:00  INFO 24319 --- [SpringApplicationShutdownHook] j.LocalContainerEntityManagerFactoryBean : Closing JPA EntityManagerFactory for persistence unit 'default'
2025-08-01T11:47:44.243+03:00  INFO 24319 --- [SpringApplicationShutdownHook] com.zaxxer.hikari.HikariDataSource       : HikariPool-1 - Shutdown initiated...
2025-08-01T11:47:44.724+03:00  INFO 24319 --- [SpringApplicationShutdownHook] com.zaxxer.hikari.HikariDataSource       : HikariPool-1 - Shutdown completed.
2025-08-01T11:47:47.211+03:00  INFO 24373 --- [main] c.b.s.SpringBootSecurityJwtApplication   : Starting SpringBootSecurityJwtApplication using Java 23.0.2 with PID 24373 (/Users/tymofiishulha/Documents/Magazine/spring-boot-spring-security-jwt-authentication-master/target/classes started by tymofiishulha in /Users/tymofiishulha/Documents/Magazine/spring-boot-spring-security-jwt-authentication-master)
2025-08-01T11:47:47.212+03:00  INFO 24373 --- [main] c.b.s.SpringBootSecurityJwtApplication   : No active profile set, falling back to 1 default profile: "default"
2025-08-01T11:47:47.506+03:00  INFO 24373 --- [main] .s.d.r.c.RepositoryConfigurationDelegate : Bootstrapping Spring Data JPA repositories in DEFAULT mode.
2025-08-01T11:47:47.544+03:00  INFO 24373 --- [main] .s.d.r.c.RepositoryConfigurationDelegate : Finished Spring Data repository scanning in 35 ms. Found 15 JPA repository interfaces.
2025-08-01T11:47:47.809+03:00  INFO 24373 --- [main] o.s.b.w.embedded.tomcat.TomcatWebServer  : Tomcat initialized with port(s): 8080 (http)
2025-08-01T11:47:47.813+03:00  INFO 24373 --- [main] o.apache.catalina.core.StandardService   : Starting service [Tomcat]
2025-08-01T11:47:47.814+03:00  INFO 24373 --- [main] o.apache.catalina.core.StandardEngine    : Starting Servlet engine: [Apache Tomcat/10.1.8]
2025-08-01T11:47:47.849+03:00  INFO 24373 --- [main] o.a.c.c.C.[Tomcat].[localhost].[/]       : Initializing Spring embedded WebApplicationContext
2025-08-01T11:47:47.850+03:00  INFO 24373 --- [main] w.s.c.ServletWebServerApplicationContext : Root WebApplicationContext: initialization completed in 618 ms
2025-08-01T11:47:47.912+03:00  INFO 24373 --- [main] o.hibernate.jpa.internal.util.LogHelper  : HHH000204: Processing PersistenceUnitInfo [name: default]
2025-08-01T11:47:47.941+03:00  INFO 24373 --- [main] org.hibernate.Version                    : HHH000412: Hibernate ORM core version 6.2.2.Final
2025-08-01T11:47:47.942+03:00  INFO 24373 --- [main] org.hibernate.cfg.Environment            : HHH000406: Using bytecode reflection optimizer
2025-08-01T11:47:47.999+03:00  INFO 24373 --- [main] o.h.b.i.BytecodeProviderInitiator        : HHH000021: Bytecode provider name : bytebuddy
2025-08-01T11:47:48.056+03:00  INFO 24373 --- [main] o.s.o.j.p.SpringPersistenceUnitInfo      : No LoadTimeWeaver setup: ignoring JPA class transformer
2025-08-01T11:47:48.065+03:00  INFO 24373 --- [main] com.zaxxer.hikari.HikariDataSource       : HikariPool-1 - Starting...
2025-08-01T11:47:48.732+03:00  INFO 24373 --- [main] com.zaxxer.hikari.pool.HikariPool        : HikariPool-1 - Added connection com.mysql.cj.jdbc.ConnectionImpl@79c4f23b
2025-08-01T11:47:48.735+03:00  INFO 24373 --- [main] com.zaxxer.hikari.HikariDataSource       : HikariPool-1 - Start completed.
2025-08-01T11:47:48.904+03:00  INFO 24373 --- [main] org.hibernate.orm.dialect                : HHH035001: Using dialect: org.hibernate.dialect.MySQLDialect, version: 8.0.41
2025-08-01T11:47:49.063+03:00  INFO 24373 --- [main] o.h.b.i.BytecodeProviderInitiator        : HHH000021: Bytecode provider name : bytebuddy
2025-08-01T11:47:49.448+03:00  INFO 24373 --- [main] o.h.e.t.j.p.i.JtaPlatformInitiator       : HHH000490: Using JtaPlatform implementation: [org.hibernate.engine.transaction.jta.platform.internal.NoJtaPlatform]
2025-08-01T11:47:52.198+03:00  INFO 24373 --- [main] j.LocalContainerEntityManagerFactoryBean : Initialized JPA EntityManagerFactory for persistence unit 'default'
2025-08-01T11:47:52.738+03:00  INFO 24373 --- [main] o.s.d.j.r.query.QueryEnhancerFactory     : Hibernate is in classpath; If applicable, HQL parser will be used.
2025-08-01T11:47:53.079+03:00  WARN 24373 --- [main] JpaBaseConfiguration$JpaWebConfiguration : spring.jpa.open-in-view is enabled by default. Therefore, database queries may be performed during view rendering. Explicitly configure spring.jpa.open-in-view to disable this warning
2025-08-01T11:47:53.317+03:00  INFO 24373 --- [main] o.s.s.web.DefaultSecurityFilterChain     : Will secure any request with [org.springframework.security.web.session.DisableEncodeUrlFilter@4ce2f4d6, org.springframework.security.web.context.request.async.WebAsyncManagerIntegrationFilter@58070889, org.springframework.security.web.context.SecurityContextHolderFilter@38f0de07, org.springframework.security.web.header.HeaderWriterFilter@79228440, org.springframework.web.filter.CorsFilter@5c71329f, org.springframework.security.web.authentication.logout.LogoutFilter@62a9c857, com.bezkoder.springjwt.security.jwt.AuthTokenFilter@73ba3c4b, org.springframework.security.web.savedrequest.RequestCacheAwareFilter@33742179, org.springframework.security.web.servletapi.SecurityContextHolderAwareRequestFilter@6ca1c156, org.springframework.security.web.authentication.AnonymousAuthenticationFilter@225fc6a2, org.springframework.security.web.session.SessionManagementFilter@14c5d220, org.springframework.security.web.access.ExceptionTranslationFilter@463a0302, org.springframework.security.web.access.intercept.AuthorizationFilter@993bc47]
2025-08-01T11:47:53.564+03:00  INFO 24373 --- [main] o.s.b.w.embedded.tomcat.TomcatWebServer  : Tomcat started on port(s): 8080 (http) with context path ''
2025-08-01T11:47:53.570+03:00  INFO 24373 --- [main] c.b.s.SpringBootSecurityJwtApplication   : Started SpringBootSecurityJwtApplication in 6.536 seconds (process running for 7.981)
2025-08-01T11:47:56.787+03:00  INFO 24373 --- [http-nio-8080-exec-1] o.a.c.c.C.[Tomcat].[localhost].[/]       : Initializing Spring DispatcherServlet 'dispatcherServlet'
2025-08-01T11:47:56.788+03:00  INFO 24373 --- [http-nio-8080-exec-1] o.s.web.servlet.DispatcherServlet        : Initializing Servlet 'dispatcherServlet'
2025-08-01T11:47:56.790+03:00  INFO 24373 --- [http-nio-8080-exec-1] o.s.web.servlet.DispatcherServlet        : Completed initialization in 2 ms
2025-08-01T14:57:29.981+03:00  WARN 24373 --- [HikariPool-1 housekeeper] com.zaxxer.hikari.pool.HikariPool        : HikariPool-1 - Thread starvation or clock leap detected (housekeeper delta=3h9m41s45ms).
2025-08-01T14:57:30.555+03:00  INFO 24373 --- [SpringApplicationShutdownHook] j.LocalContainerEntityManagerFactoryBean : Closing JPA EntityManagerFactory for persistence unit 'default'
2025-08-01T14:57:30.604+03:00  INFO 24373 --- [SpringApplicationShutdownHook] com.zaxxer.hikari.HikariDataSource       : HikariPool-1 - Shutdown initiated...
